origen,destino,sp_hops,sp_dist_km,sp_skr_bottleneck,mqr_hops,mqr_dist_km,mqr_skr_bottleneck,skr_gain,hop_overhead
Santa Marina del Rey,Lumbrales,8,299.5,0.0023883323506676685,16,438.9,0.004161695298660283,1.7425109606277633,8
Santa Marina del Rey,Sabero,2,68.1,0.0029953657316153957,4,79.4,0.006136527530112209,2.048673878232155,2
Santa Marina del Rey,Barco de Ávila (El),8,262.9,0.0025322904116681535,14,372.9,0.004009396556266406,1.5833083511243897,6
Santa Marina del Rey,Villalpando,3,84.4,0.004480306159248475,5,116.7,0.0048899279575418024,1.0914271890655876,2
Santa Marina del Rey,Villaralbo,5,150.6,0.003299232938901423,11,297.4,0.004076539336137008,1.2356021571166818,6
Santa Marina del Rey,Ólvega,11,388.0,0.0024590134962611133,18,483.3,0.0030034822654554164,1.2214175603436737,7
Santa Marina del Rey,Ledesma,6,205.2,0.0023883323506676685,12,328.2,0.004161695298660283,1.7425109606277633,6
Santa Marina del Rey,Salas de los Infantes,8,280.1,0.002374969385237565,13,333.6,0.003985783737065429,1.6782463647070283,5
Santa Marina del Rey,Puebla de Sanabria,4,135.1,0.002595504034179046,5,141.7,0.002595504034179046,1.0,1
Santa Marina del Rey,Villadecanes,2,77.1,0.0029181136132047807,4,83.9,0.0041777461710750564,1.431659875122854,2
Santa Marina del Rey,Peñaranda de Bracamonte,6,203.7,0.0026984674059517457,13,343.4,0.004161695298660283,1.542244049152211,7
Santa Marina del Rey,Saldaña,3,95.0,0.00273497697536197,12,288.9,0.004161695298660283,1.5216564293414168,9
Santa Marina del Rey,Candeleda,9,295.8,0.0025322904116681535,15,405.8,0.004009396556266406,1.5833083511243897,6
Santa Marina del Rey,Venta de Baños,5,166.8,0.00273497697536197,9,213.1,0.004161695298660283,1.5216564293414168,4
Santa Marina del Rey,Cubillos del Sil,2,60.5,0.0029181136132047807,3,67.2,0.0041777461710750564,1.431659875122854,1
Santa Marina del Rey,Villaquilambre,1,28.3,0.005107755207200277,2,31.5,0.007617550618031649,1.4913695564919351,1
Santa Marina del Rey,Mozoncillo,8,277.8,0.003029130715313609,12,311.9,0.004107009430085027,1.35583763662699,4
Santa Marina del Rey,Burgos,6,192.4,0.0026574481020583606,14,350.9,0.004161695298660283,1.5660495102187653,8
Santa Marina del Rey,Vitigudino,7,257.2,0.0023883323506676685,16,434.2,0.004161695298660283,1.7425109606277633,9
Santa Marina del Rey,Zaratán,4,132.6,0.0030763338708793826,7,174.5,0.004161695298660283,1.352810024313338,3
Santa Marina del Rey,Arcos de Jalón,12,390.3,0.0026574481020583606,17,449.3,0.003378917933904848,1.2714897165019567,5
Santa Marina del Rey,Miranda de Ebro,8,270.9,0.0026123224996552567,16,412.5,0.003866989995220292,1.4802881327748054,8
Santa Marina del Rey,Aldeadávila de la Ribera,8,271.0,0.0023883323506676685,15,406.4,0.004161695298660283,1.7425109606277633,7
Santa Marina del Rey,Viana de Cega,4,144.3,0.002425433731701029,8,189.4,0.004161695298660283,1.7158561144202287,4
Santa Marina del Rey,Seca (La),5,168.8,0.002650459051621773,8,203.7,0.004161695298660283,1.5701790586479007,3
Santa Marina del Rey,Roa,7,225.6,0.0030763338708793826,10,258.6,0.004161695298660283,1.352810024313338,3
Santa Marina del Rey,Cebreros,8,287.3,0.0023560875035299883,18,483.3,0.004009396556266406,1.701718017798304,10
Santa Marina del Rey,Torquemada,5,179.0,0.0026574481020583606,10,232.2,0.004161695298660283,1.5660495102187653,5
Santa Marina del Rey,Campaspero,6,193.6,0.0030763338708793826,9,226.6,0.004161695298660283,1.352810024313338,3
Santa Marina del Rey,Traspinedo,5,160.2,0.0030763338708793826,8,202.1,0.004161695298660283,1.352810024313338,3
Santa Marina del Rey,Santovenia de la Valdoncina,1,19.7,0.007617550618031649,1,19.7,0.007617550618031649,1.0,0
Santa Marina del Rey,Barruelo de Santullán,5,164.2,0.00273497697536197,7,150.8,0.005027757760445335,1.8383181305502285,2
Santa Marina del Rey,Vega de Espinareda,2,69.3,0.0029181136132047807,3,76.0,0.0041777461710750564,1.431659875122854,1
Santa Marina del Rey,Villoria,6,201.3,0.0026984674059517457,11,292.2,0.004161695298660283,1.542244049152211,5
Santa Marina del Rey,Guijuelo,7,237.4,0.0025322904116681535,13,347.5,0.004009396556266406,1.5833083511243897,6
Santa Marina del Rey,Santovenia de Pisuerga,4,137.8,0.0030763338708793826,8,183.4,0.004161695298660283,1.352810024313338,4
Santa Marina del Rey,Fuentes de Oñoro,9,300.3,0.0023883323506676685,19,518.0,0.004161695298660283,1.7425109606277633,10
Santa Marina del Rey,Burgo de Osma-Ciudad de Osma,9,303.8,0.0026574481020583606,14,362.8,0.003985783737065429,1.4998538387177491,5
Santa Marina del Rey,San Cristóbal de Segovia,7,232.6,0.003029130715313609,12,279.6,0.004161695298660283,1.3738909574357603,5
Santa Marina del Rey,Villada,3,104.3,0.0025078270808843,11,268.7,0.004161695298660283,1.659482557781776,8
Santa Marina del Rey,Lerma,7,227.8,0.0026574481020583606,15,386.3,0.0036891990249717658,1.388248757187111,8
Santa Marina del Rey,Alberca (La),8,280.9,0.0023883323506676685,15,399.6,0.004009396556266406,1.6787431427395616,7
Santa Marina del Rey,Salamanca,6,193.0,0.003299232938901423,11,296.7,0.004161695298660283,1.261412993786987,5
Santa Marina del Rey,Pola de Gordón (La),1,41.0,0.0028451807038198935,3,57.3,0.005751250470564115,2.0214007717831697,2
Santa Marina del Rey,Belorado,7,235.2,0.0026123224996552567,16,396.3,0.004161695298660283,1.5931016554079729,9
Santa Marina del Rey,Valle de Mena,8,257.9,0.0026574481020583606,17,430.8,0.004161695298660283,1.5660495102187653,9
Santa Marina del Rey,Carpio,5,168.4,0.0026984674059517457,9,231.9,0.004161695298660283,1.542244049152211,4
Santa Marina del Rey,Navaluenga,9,318.9,0.0023560875035299883,17,459.2,0.004009396556266406,1.701718017798304,8
Santa Marina del Rey,Nava de la Asunción,6,194.2,0.0030763338708793826,10,236.1,0.004161695298660283,1.352810024313338,4
Lumbrales,Sabero,9,343.5,0.0023883323506676685,20,548.8,0.004161695298660283,1.7425109606277633,11
Lumbrales,Barco de Ávila (El),4,130.1,0.002833277034670717,9,238.5,0.004009396556266406,1.4151092558911655,5
Lumbrales,Villalpando,5,196.8,0.0023883323506676685,13,362.3,0.004161695298660283,1.7425109606277633,8
Lumbrales,Villaralbo,4,117.1,0.0031935321535626914,9,247.9,0.004076539336137008,1.27649860408928,5
Lumbrales,Ólvega,12,472.8,0.0024543131108297456,22,597.6,0.0030034822654554164,1.2237567620049952,10
Lumbrales,Ledesma,2,80.3,0.0027830186155847754,5,130.8,0.004296822626851644,1.5439431855718235,3
Lumbrales,Salas de los Infantes,10,385.5,0.0024543131108297456,17,447.9,0.003985783737065429,1.6239915434905245,7
Lumbrales,Puebla de Sanabria,12,408.2,0.0023883323506676685,21,591.8,0.002595504034179046,1.086743238835023,9
Lumbrales,Villadecanes,10,350.3,0.0023883323506676685,20,534.0,0.004161695298660283,1.7425109606277633,10
Lumbrales,Peñaranda de Bracamonte,4,151.0,0.0027830186155847754,8,208.9,0.004296822626851644,1.5439431855718235,4
Lumbrales,Saldaña,8,318.2,0.0023883323506676685,16,428.9,0.004239987948882285,1.775292265206297,8
Lumbrales,Candeleda,5,163.0,0.002833277034670717,10,271.4,0.004009396556266406,1.4151092558911655,5
Lumbrales,Venta de Baños,7,252.3,0.0023883323506676685,13,353.0,0.004239987948882285,1.775292265206297,6
Lumbrales,Cubillos del Sil,10,333.7,0.0023883323506676685,19,517.3,0.004161695298660283,1.7425109606277633,9
Lumbrales,Villaquilambre,8,303.7,0.0023883323506676685,18,497.4,0.004161695298660283,1.7425109606277633,10
Lumbrales,Mozoncillo,8,303.9,0.0024543131108297456,16,426.2,0.004107009430085027,1.6733844642571065,8
Lumbrales,Burgos,10,382.0,0.0024543131108297456,18,490.9,0.004239987948882285,1.7275660265893478,8
Lumbrales,Vitigudino,1,24.8,0.00599816961388437,1,24.8,0.00599816961388437,1.0,0
Lumbrales,Zaratán,6,214.7,0.0023883323506676685,11,304.5,0.004239987948882285,1.775292265206297,5
Lumbrales,Arcos de Jalón,12,433.1,0.0024543131108297456,21,563.7,0.003378917933904848,1.3767265142313139,9
Lumbrales,Miranda de Ebro,12,460.5,0.0024543131108297456,20,552.4,0.003866989995220292,1.5755895114429608,8
Lumbrales,Aldeadávila de la Ribera,1,32.5,0.00420883662927342,2,52.6,0.005223121530800054,1.2409893732800295,1
Lumbrales,Viana de Cega,6,203.6,0.0023883323506676685,11,293.3,0.004239987948882285,1.775292265206297,5
Lumbrales,Seca (La),5,185.5,0.0023883323506676685,10,275.2,0.004239987948882285,1.775292265206297,5
Lumbrales,Roa,8,307.4,0.0024543131108297456,14,372.9,0.004239987948882285,1.7275660265893478,6
Lumbrales,Cebreros,7,229.6,0.002446867511943354,13,348.9,0.004009396556266406,1.6385834282797185,6
Lumbrales,Torquemada,8,271.5,0.0023883323506676685,14,372.1,0.004239987948882285,1.775292265206297,6
Lumbrales,Campaspero,7,275.4,0.0024543131108297456,13,340.9,0.004239987948882285,1.7275660265893478,6
Lumbrales,Traspinedo,6,225.9,0.0023883323506676685,12,316.4,0.004239987948882285,1.775292265206297,6
Lumbrales,Santovenia de la Valdoncina,8,296.9,0.0023883323506676685,18,488.7,0.004161695298660283,1.7425109606277633,10
Lumbrales,Barruelo de Santullán,10,385.3,0.0023883323506676685,23,620.1,0.004161695298660283,1.7425109606277633,13
Lumbrales,Vega de Espinareda,10,342.5,0.0023883323506676685,19,526.1,0.004161695298660283,1.7425109606277633,9
Lumbrales,Villoria,4,136.2,0.0027830186155847754,7,186.7,0.004296822626851644,1.5439431855718235,3
Lumbrales,Guijuelo,3,115.6,0.002833277034670717,8,213.0,0.004009396556266406,1.4151092558911655,5
Lumbrales,Santovenia de Pisuerga,6,221.7,0.0023883323506676685,12,323.3,0.004239987948882285,1.775292265206297,6
Lumbrales,Fuentes de Oñoro,1,38.9,0.0031295777947389332,4,108.7,0.004321765495694057,1.3809420244990507,3
Lumbrales,Burgo de Osma-Ciudad de Osma,9,346.6,0.0024543131108297456,18,477.2,0.003985783737065429,1.6239915434905245,9
Lumbrales,San Cristóbal de Segovia,7,257.3,0.0023883323506676685,14,369.2,0.004239987948882285,1.775292265206297,7
Lumbrales,Villada,7,282.6,0.0023883323506676685,15,408.6,0.004239987948882285,1.775292265206297,8
Lumbrales,Lerma,9,346.7,0.0024543131108297456,19,526.2,0.0036891990249717658,1.5031492961077546,10
Lumbrales,Alberca (La),2,77.8,0.002833277034670717,10,265.1,0.004009396556266406,1.4151092558911655,8
Lumbrales,Salamanca,3,111.8,0.0027830186155847754,6,162.3,0.004296822626851644,1.5439431855718235,3
Lumbrales,Pola de Gordón (La),9,340.5,0.0023883323506676685,19,523.1,0.004161695298660283,1.7425109606277633,10
Lumbrales,Belorado,11,424.8,0.0024543131108297456,20,536.2,0.004239987948882285,1.7275660265893478,9
Lumbrales,Valle de Mena,13,478.9,0.0024543131108297456,21,570.7,0.004239987948882285,1.7275660265893478,8
Lumbrales,Carpio,4,157.4,0.0023883323506676685,9,247.1,0.004239987948882285,1.775292265206297,5
Lumbrales,Navaluenga,6,205.5,0.002446867511943354,12,324.8,0.004009396556266406,1.6385834282797185,6
Lumbrales,Nava de la Asunción,6,216.0,0.0023883323506676685,12,325.6,0.004239987948882285,1.775292265206297,6
Sabero,Barco de Ávila (El),9,320.9,0.0025322904116681535,17,442.4,0.004009396556266406,1.5833083511243897,8
Sabero,Villalpando,4,128.5,0.0029953657316153957,8,186.2,0.0048899279575418024,1.6324977968231855,4
Sabero,Villaralbo,6,208.7,0.002906606989877783,14,366.9,0.004076539336137008,1.402507924302631,8
Sabero,Ólvega,10,359.1,0.0024590134962611133,21,552.8,0.0030034822654554164,1.2214175603436737,11
Sabero,Ledesma,7,263.3,0.0023883323506676685,15,397.7,0.004161695298660283,1.7425109606277633,8
Sabero,Salas de los Infantes,7,251.2,0.002374969385237565,16,403.1,0.003985783737065429,1.6782463647070283,9
Sabero,Puebla de Sanabria,6,209.9,0.002595504034179046,9,221.1,0.002595504034179046,1.0,3
Sabero,Villadecanes,4,151.9,0.002623672275860571,8,163.3,0.0041777461710750564,1.5923277497395307,4
Sabero,Peñaranda de Bracamonte,7,261.8,0.0026984674059517457,16,412.9,0.004161695298660283,1.542244049152211,9
Sabero,Saldaña,2,66.1,0.00273497697536197,15,358.5,0.004161695298660283,1.5216564293414168,13
Sabero,Candeleda,10,353.9,0.0025322904116681535,18,475.3,0.004009396556266406,1.5833083511243897,8
Sabero,Venta de Baños,4,138.0,0.00273497697536197,12,282.6,0.004161695298660283,1.5216564293414168,8
Sabero,Cubillos del Sil,4,135.3,0.002623672275860571,7,146.6,0.0041777461710750564,1.5923277497395307,3
Sabero,Villaquilambre,1,39.8,0.0029953657316153957,3,59.3,0.006136527530112209,2.048673878232155,2
Sabero,Mozoncillo,8,271.7,0.0026574481020583606,15,381.4,0.004107009430085027,1.5454711709718394,7
Sabero,Burgos,5,163.6,0.0026574481020583606,17,420.5,0.004161695298660283,1.5660495102187653,12
Sabero,Vitigudino,8,301.2,0.0023883323506676685,19,503.7,0.004161695298660283,1.7425109606277633,11
Sabero,Zaratán,5,175.6,0.00273497697536197,10,244.0,0.004161695298660283,1.5216564293414168,5
Sabero,Arcos de Jalón,11,361.4,0.0026574481020583606,20,518.9,0.003378917933904848,1.2714897165019567,9
Sabero,Miranda de Ebro,7,242.1,0.0026123224996552567,19,482.0,0.003866989995220292,1.4802881327748054,12
Sabero,Aldeadávila de la Ribera,9,329.1,0.0023883323506676685,18,475.9,0.004161695298660283,1.7425109606277633,9
Sabero,Viana de Cega,5,188.3,0.002425433731701029,11,259.0,0.004161695298660283,1.7158561144202287,6
Sabero,Seca (La),6,205.9,0.0029953657316153957,11,273.3,0.004161695298660283,1.3893780164253557,5
Sabero,Roa,7,238.1,0.0026574481020583606,13,328.2,0.004161695298660283,1.5660495102187653,6
Sabero,Cebreros,9,331.4,0.0023560875035299883,21,552.8,0.004009396556266406,1.701718017798304,12
Sabero,Torquemada,4,150.1,0.0026574481020583606,13,301.7,0.004161695298660283,1.5660495102187653,9
Sabero,Campaspero,6,200.9,0.00273497697536197,12,296.2,0.004161695298660283,1.5216564293414168,6
Sabero,Traspinedo,5,176.4,0.00273497697536197,11,271.6,0.004161695298660283,1.5216564293414168,6
Sabero,Santovenia de la Valdoncina,2,51.7,0.0029953657316153957,3,59.7,0.006136527530112209,2.048673878232155,1
Sabero,Barruelo de Santullán,3,71.4,0.005027757760445335,3,71.4,0.005027757760445335,1.0,0
Sabero,Vega de Espinareda,4,144.1,0.002623672275860571,7,155.4,0.0041777461710750564,1.5923277497395307,3
Sabero,Villoria,7,259.4,0.0026984674059517457,14,361.8,0.004161695298660283,1.542244049152211,7
Sabero,Guijuelo,8,295.5,0.0025322904116681535,16,417.0,0.004009396556266406,1.5833083511243897,8
Sabero,Santovenia de Pisuerga,5,167.7,0.00273497697536197,11,252.9,0.004161695298660283,1.5216564293414168,6
Sabero,Fuentes de Oñoro,10,358.4,0.0023883323506676685,22,587.6,0.004161695298660283,1.7425109606277633,12
Sabero,Burgo de Osma-Ciudad de Osma,8,275.0,0.0026574481020583606,17,432.4,0.003985783737065429,1.4998538387177491,9
Sabero,San Cristóbal de Segovia,8,276.6,0.0029953657316153957,15,349.2,0.004161695298660283,1.3893780164253557,7
Sabero,Villada,3,101.8,0.00273497697536197,14,338.2,0.004161695298660283,1.5216564293414168,11
Sabero,Lerma,6,198.9,0.0026574481020583606,18,455.8,0.0036891990249717658,1.388248757187111,12
Sabero,Alberca (La),9,339.0,0.0023883323506676685,18,469.1,0.004009396556266406,1.6787431427395616,9
Sabero,Salamanca,7,251.0,0.002906606989877783,14,366.2,0.004161695298660283,1.4318053019047043,7
Sabero,Pola de Gordón (La),1,42.4,0.0026588172796415893,4,85.0,0.005751250470564115,2.163086013695303,3
Sabero,Belorado,6,206.4,0.0026123224996552567,19,465.8,0.004161695298660283,1.5931016554079729,13
Sabero,Valle de Mena,7,229.0,0.0026574481020583606,20,500.3,0.004161695298660283,1.5660495102187653,13
Sabero,Carpio,6,226.5,0.0026984674059517457,12,301.4,0.004161695298660283,1.542244049152211,6
Sabero,Navaluenga,10,363.0,0.0023560875035299883,20,528.7,0.004009396556266406,1.701718017798304,10
Sabero,Nava de la Asunción,7,238.2,0.0029953657316153957,13,305.6,0.004161695298660283,1.3893780164253557,6
Barco de Ávila (El),Villalpando,5,174.2,0.0025322904116681535,24,641.2,0.004009396556266406,1.5833083511243897,19
Barco de Ávila (El),Villaralbo,4,135.6,0.0025322904116681535,6,157.8,0.004009396556266406,1.5833083511243897,2
Barco de Ávila (El),Ólvega,11,439.9,0.0023560875035299883,19,507.5,0.0030034822654554164,1.2747753472464305,8
Barco de Ávila (El),Ledesma,4,128.0,0.0031362578483463644,5,123.6,0.004009396556266406,1.2784014421455865,1
Barco de Ávila (El),Salas de los Infantes,9,352.5,0.0023560875035299883,14,357.8,0.003985783737065429,1.691695971008616,5
Barco de Ávila (El),Puebla de Sanabria,12,385.6,0.0025322904116681535,25,676.2,0.002595504034179046,1.0249630224952162,13
Barco de Ávila (El),Villadecanes,10,327.7,0.0025322904116681535,24,618.4,0.004009396556266406,1.5833083511243897,14
Barco de Ávila (El),Peñaranda de Bracamonte,3,88.4,0.004009396556266406,4,104.3,0.004009396556266406,1.0,1
Barco de Ávila (El),Saldaña,8,295.6,0.0025078270808843,13,338.7,0.004009396556266406,1.5987531942802966,5
Barco de Ávila (El),Candeleda,1,32.9,0.004123109314331464,1,32.9,0.004123109314331464,1.0,0
Barco de Ávila (El),Venta de Baños,7,209.1,0.0033197023416202086,10,262.9,0.004009396556266406,1.2077578480453723,3
Barco de Ávila (El),Cubillos del Sil,10,311.1,0.0025322904116681535,23,601.6,0.004009396556266406,1.5833083511243897,13
Barco de Ávila (El),Villaquilambre,8,281.1,0.0025322904116681535,19,506.2,0.004009396556266406,1.5833083511243897,11
Barco de Ávila (El),Mozoncillo,7,270.9,0.0023560875035299883,13,336.1,0.004009396556266406,1.701718017798304,6
Barco de Ávila (El),Burgos,9,349.1,0.0023560875035299883,15,400.8,0.004009396556266406,1.701718017798304,6
Barco de Ávila (El),Vitigudino,4,116.7,0.0034292129217637904,9,229.6,0.004009396556266406,1.1691885711792438,5
Barco de Ávila (El),Zaratán,6,171.4,0.004009396556266406,8,214.3,0.004009396556266406,1.0,2
Barco de Ávila (El),Arcos de Jalón,11,370.5,0.0024543131108297456,18,473.5,0.003378917933904848,1.3767265142313139,7
Barco de Ávila (El),Miranda de Ebro,11,427.6,0.0023560875035299883,17,462.3,0.003866989995220292,1.6412760516859441,6
Barco de Ávila (El),Aldeadávila de la Ribera,5,162.6,0.002833277034670717,8,201.8,0.004009396556266406,1.4151092558911655,3
Barco de Ávila (El),Viana de Cega,6,160.3,0.004009396556266406,8,203.2,0.004009396556266406,1.0,2
Barco de Ávila (El),Seca (La),5,142.2,0.004009396556266406,7,185.1,0.004009396556266406,1.0,2
Barco de Ávila (El),Roa,7,274.5,0.0023560875035299883,11,282.8,0.004009396556266406,1.701718017798304,4
Barco de Ávila (El),Cebreros,3,99.5,0.002446867511943354,4,110.4,0.004123109314331464,1.6850562174724382,1
Barco de Ávila (El),Torquemada,8,228.2,0.0033197023416202086,11,282.0,0.004009396556266406,1.2077578480453723,3
Barco de Ávila (El),Campaspero,6,242.5,0.0023560875035299883,10,250.8,0.004009396556266406,1.701718017798304,4
Barco de Ávila (El),Traspinedo,6,193.1,0.0024543131108297456,9,226.3,0.004009396556266406,1.6336124916477848,3
Barco de Ávila (El),Santovenia de la Valdoncina,8,270.6,0.0025322904116681535,20,518.0,0.004009396556266406,1.5833083511243897,12
Barco de Ávila (El),Barruelo de Santullán,10,323.6,0.002433693206168916,16,419.2,0.004009396556266406,1.647453568142198,6
Barco de Ávila (El),Vega de Espinareda,10,319.9,0.0025322904116681535,23,610.5,0.004009396556266406,1.5833083511243897,13
Barco de Ávila (El),Villoria,3,81.2,0.004009396556266406,4,97.1,0.004009396556266406,1.0,1
Barco de Ávila (El),Guijuelo,1,25.4,0.005834538186888569,2,41.4,0.007241069405036806,1.2410698453065245,1
Barco de Ávila (El),Santovenia de Pisuerga,6,178.4,0.0035357989698555723,9,233.2,0.004009396556266406,1.1339435840240033,3
Barco de Ávila (El),Fuentes de Oñoro,4,113.4,0.003448809847213292,12,313.5,0.004009396556266406,1.1625449746109022,8
Barco de Ávila (El),Burgo de Osma-Ciudad de Osma,8,284.0,0.0024543131108297456,15,387.0,0.003985783737065429,1.6239915434905245,7
Barco de Ávila (El),San Cristóbal de Segovia,5,185.7,0.002446867511943354,11,279.0,0.004009396556266406,1.6385834282797185,6
Barco de Ávila (El),Villada,7,260.0,0.0025078270808843,12,318.5,0.004009396556266406,1.5987531942802966,5
Barco de Ávila (El),Lerma,8,313.7,0.0023560875035299883,16,436.1,0.0036891990249717658,1.5658157939569113,8
Barco de Ávila (El),Alberca (La),2,52.2,0.004408650733208711,2,52.2,0.004408650733208711,1.0,0
Barco de Ávila (El),Salamanca,3,76.2,0.004009396556266406,4,92.1,0.004009396556266406,1.0,1
Barco de Ávila (El),Pola de Gordón (La),9,317.9,0.0025322904116681535,20,531.9,0.004009396556266406,1.5833083511243897,11
Barco de Ávila (El),Belorado,10,391.9,0.0023560875035299883,17,446.1,0.004009396556266406,1.701718017798304,7
Barco de Ávila (El),Valle de Mena,12,445.9,0.0023560875035299883,18,480.6,0.004009396556266406,1.701718017798304,6
Barco de Ávila (El),Carpio,4,114.1,0.004009396556266406,6,157.0,0.004009396556266406,1.0,2
Barco de Ávila (El),Navaluenga,2,75.4,0.002446867511943354,3,86.3,0.004123109314331464,1.6850562174724382,1
Barco de Ávila (El),Nava de la Asunción,5,154.7,0.0024543131108297456,9,235.5,0.004009396556266406,1.6336124916477848,4
Villalpando,Villaralbo,2,61.9,0.003317293098998559,6,180.7,0.004076539336137008,1.2288752348617171,4
Villalpando,Ólvega,10,325.5,0.0024590134962611133,13,366.6,0.0030034822654554164,1.2214175603436737,3
Villalpando,Ledesma,3,116.5,0.0023883323506676685,7,211.6,0.004161695298660283,1.7425109606277633,4
Villalpando,Salas de los Infantes,7,228.9,0.0030817045837680393,8,216.9,0.003985783737065429,1.293369831118582,1
Villalpando,Puebla de Sanabria,7,219.1,0.002595504034179046,9,247.5,0.002595504034179046,1.0,2
Villalpando,Villadecanes,5,153.5,0.003299232938901423,8,189.7,0.0041777461710750564,1.266278025360089,3
Villalpando,Peñaranda de Bracamonte,3,115.0,0.0026984674059517457,8,226.7,0.004161695298660283,1.542244049152211,5
Villalpando,Saldaña,3,103.2,0.0025078270808843,7,172.3,0.004161695298660283,1.659482557781776,4
Villalpando,Candeleda,6,207.1,0.0025322904116681535,10,289.2,0.004009396556266406,1.5833083511243897,4
Villalpando,Venta de Baños,3,95.5,0.0033197023416202086,4,96.4,0.004161695298660283,1.2536350763993898,1
Villalpando,Cubillos del Sil,5,136.9,0.003299232938901423,7,173.0,0.0041777461710750564,1.266278025360089,2
Villalpando,Villaquilambre,3,88.6,0.0036913248240822262,6,153.1,0.0048899279575418024,1.3247081171615898,3
Villalpando,Mozoncillo,6,225.0,0.0026984674059517457,7,195.2,0.004107009430085027,1.5219785204841079,1
Villalpando,Burgos,6,184.3,0.0025078270808843,9,234.3,0.004161695298660283,1.659482557781776,3
Villalpando,Vitigudino,4,154.5,0.0023883323506676685,11,317.5,0.004161695298660283,1.7425109606277633,7
Villalpando,Zaratán,2,57.8,0.004161695298660283,2,57.8,0.004161695298660283,1.0,0
Villalpando,Arcos de Jalón,10,354.2,0.0026182342575470467,12,332.7,0.003378917933904848,1.2905330850992933,2
Villalpando,Miranda de Ebro,8,262.8,0.0025078270808843,11,295.9,0.003866989995220292,1.5419683536780093,3
Villalpando,Aldeadávila de la Ribera,5,182.3,0.0023883323506676685,10,289.7,0.004161695298660283,1.7425109606277633,5
Villalpando,Viana de Cega,2,69.5,0.002425433731701029,3,72.8,0.004161695298660283,1.7158561144202287,1
Villalpando,Seca (La),2,80.1,0.002650459051621773,3,87.1,0.004161695298660283,1.5701790586479007,1
Villalpando,Roa,5,150.9,0.003409349622154796,5,142.0,0.004161695298660283,1.2206713185460827,0
Villalpando,Cebreros,6,234.5,0.0023560875035299883,13,366.6,0.004009396556266406,1.701718017798304,7
Villalpando,Torquemada,4,140.2,0.0025078270808843,5,115.6,0.004161695298660283,1.659482557781776,1
Villalpando,Campaspero,4,118.9,0.003409349622154796,4,110.0,0.004161695298660283,1.2206713185460827,0
Villalpando,Traspinedo,3,85.4,0.004161695298660283,3,85.4,0.004161695298660283,1.0,0
Villalpando,Santovenia de la Valdoncina,3,78.2,0.004836718383517657,6,144.4,0.0048899279575418024,1.0110011726557144,3
Villalpando,Barruelo de Santullán,5,170.2,0.0025078270808843,11,275.8,0.0048899279575418024,1.9498664779620833,6
Villalpando,Vega de Espinareda,5,145.7,0.003299232938901423,7,181.8,0.0041777461710750564,1.266278025360089,2
Villalpando,Villoria,3,112.6,0.0026984674059517457,6,175.6,0.004161695298660283,1.542244049152211,3
Villalpando,Guijuelo,4,148.8,0.0025322904116681535,8,230.8,0.004009396556266406,1.5833083511243897,4
Villalpando,Santovenia de Pisuerga,2,63.1,0.003270703747419193,3,66.7,0.004161695298660283,1.2724158529931495,1
Villalpando,Fuentes de Oñoro,6,211.6,0.0023883323506676685,14,401.4,0.004161695298660283,1.7425109606277633,8
Villalpando,Burgo de Osma-Ciudad de Osma,7,267.7,0.0026182342575470467,9,246.2,0.003985783737065429,1.522317464748018,2
Villalpando,San Cristóbal de Segovia,5,179.7,0.0026984674059517457,7,163.0,0.004161695298660283,1.542244049152211,2
Villalpando,Villada,2,67.5,0.0025078270808843,6,152.0,0.004161695298660283,1.659482557781776,4
Villalpando,Lerma,6,190.1,0.0030817045837680393,10,269.6,0.0036891990249717658,1.1971293563969507,4
Villalpando,Alberca (La),5,192.3,0.0023883323506676685,10,282.9,0.004009396556266406,1.6787431427395616,5
Villalpando,Salamanca,3,104.3,0.003317293098998559,6,180.1,0.004161695298660283,1.254545550984517,3
Villalpando,Pola de Gordón (La),4,129.6,0.0028451807038198935,7,178.8,0.0048899279575418024,1.7186704348784119,3
Villalpando,Belorado,7,227.1,0.0025078270808843,11,279.7,0.004161695298660283,1.659482557781776,4
Villalpando,Valle de Mena,8,249.7,0.0025078270808843,12,314.1,0.004161695298660283,1.659482557781776,4
Villalpando,Carpio,2,79.7,0.0026984674059517457,4,115.2,0.004161695298660283,1.542244049152211,2
Villalpando,Navaluenga,7,249.6,0.002446867511943354,12,342.5,0.004009396556266406,1.6385834282797185,5
Villalpando,Nava de la Asunción,4,138.4,0.0026984674059517457,5,119.4,0.004161695298660283,1.542244049152211,1
Villaralbo,Ólvega,10,333.3,0.0024590134962611133,15,416.0,0.0030034822654554164,1.2214175603436737,5
Villaralbo,Ledesma,2,70.5,0.0031935321535626914,3,97.2,0.004076539336137008,1.27649860408928,1
Villaralbo,Salas de los Infantes,7,236.7,0.002650459051621773,10,266.3,0.003985783737065429,1.503808834407984,3
Villaralbo,Puebla de Sanabria,9,273.3,0.002595504034179046,21,584.7,0.002595504034179046,1.0,12
Villaralbo,Villadecanes,7,215.4,0.003299232938901423,20,526.9,0.004076539336137008,1.2356021571166818,13
Villaralbo,Peñaranda de Bracamonte,2,76.9,0.0024983913334849306,4,112.4,0.004076539336137008,1.6316656568171672,2
Villaralbo,Saldaña,5,183.3,0.0025078270808843,9,247.3,0.004076539336137008,1.6255264835482814,4
Villaralbo,Candeleda,5,168.5,0.0025322904116681535,6,174.8,0.004009396556266406,1.5833083511243897,1
Villaralbo,Venta de Baños,4,133.6,0.002650459051621773,6,171.4,0.004076539336137008,1.5380502987369828,2
Villaralbo,Cubillos del Sil,7,198.8,0.003299232938901423,19,510.2,0.004076539336137008,1.2356021571166818,12
Villaralbo,Villaquilambre,5,168.8,0.002906606989877783,15,414.7,0.004076539336137008,1.402507924302631,10
Villaralbo,Mozoncillo,6,210.7,0.003162403646029676,9,244.6,0.004076539336137008,1.2890635707604903,3
Villaralbo,Burgos,7,233.3,0.002650459051621773,11,309.3,0.004076539336137008,1.5380502987369828,4
Villaralbo,Vitigudino,3,108.5,0.0031935321535626914,7,203.2,0.004076539336137008,1.27649860408928,4
Villaralbo,Zaratán,3,96.0,0.002650459051621773,4,122.9,0.004076539336137008,1.5380502987369828,1
Villaralbo,Arcos de Jalón,10,340.0,0.0026182342575470467,14,382.1,0.003378917933904848,1.2905330850992933,4
Villaralbo,Miranda de Ebro,9,311.8,0.0026123224996552567,13,370.8,0.003866989995220292,1.4802881327748054,4
Villaralbo,Aldeadávila de la Ribera,3,84.6,0.0031935321535626914,6,175.4,0.004076539336137008,1.27649860408928,3
Villaralbo,Viana de Cega,3,84.8,0.002650459051621773,4,111.7,0.004076539336137008,1.5380502987369828,1
Villaralbo,Seca (La),2,66.7,0.002650459051621773,3,93.6,0.004076539336137008,1.5380502987369828,1
Villaralbo,Roa,5,158.7,0.002650459051621773,7,191.4,0.004076539336137008,1.5380502987369828,2
Villaralbo,Cebreros,6,220.3,0.0023560875035299883,9,252.3,0.004009396556266406,1.701718017798304,3
Villaralbo,Torquemada,5,152.7,0.002650459051621773,7,190.5,0.004076539336137008,1.5380502987369828,2
Villaralbo,Campaspero,4,126.7,0.002650459051621773,6,159.3,0.004076539336137008,1.5380502987369828,2
Villaralbo,Traspinedo,3,107.2,0.002650459051621773,5,134.8,0.004076539336137008,1.5380502987369828,2
Villaralbo,Santovenia de la Valdoncina,5,162.0,0.003299232938901423,16,426.5,0.004076539336137008,1.2356021571166818,11
Villaralbo,Barruelo de Santullán,7,248.2,0.002433693206168916,12,327.7,0.004076539336137008,1.6750424111814142,5
Villaralbo,Vega de Espinareda,7,207.6,0.003299232938901423,19,519.0,0.004076539336137008,1.2356021571166818,12
Villaralbo,Villoria,2,61.2,0.004076539336137008,2,61.2,0.004076539336137008,1.0,0
Villaralbo,Guijuelo,3,110.2,0.0025322904116681535,4,116.5,0.004009396556266406,1.5833083511243897,1
Villaralbo,Santovenia de Pisuerga,3,103.0,0.002650459051621773,5,141.7,0.004076539336137008,1.5380502987369828,2
Villaralbo,Fuentes de Oñoro,5,165.6,0.0031362578483463644,10,287.0,0.004076539336137008,1.2998100071033445,5
Villaralbo,Burgo de Osma-Ciudad de Osma,7,253.5,0.0026182342575470467,11,295.6,0.003985783737065429,1.522317464748018,4
Villaralbo,San Cristóbal de Segovia,5,165.5,0.003162403646029676,7,187.6,0.004076539336137008,1.2890635707604903,2
Villaralbo,Villada,4,147.7,0.0025078270808843,8,227.0,0.004076539336137008,1.6255264835482814,4
Villaralbo,Lerma,6,198.0,0.002650459051621773,12,344.6,0.0036891990249717658,1.3919094591234695,6
Villaralbo,Alberca (La),4,146.3,0.0031362578483463644,6,168.6,0.004009396556266406,1.2784014421455865,2
Villaralbo,Salamanca,2,65.7,0.004076539336137008,2,65.7,0.004076539336137008,1.0,0
Villaralbo,Pola de Gordón (La),6,205.6,0.0028451807038198935,16,440.4,0.004076539336137008,1.4327874959449542,10
Villaralbo,Belorado,8,276.1,0.0026123224996552567,13,354.6,0.004076539336137008,1.560503856884049,5
Villaralbo,Valle de Mena,10,330.2,0.002650459051621773,14,389.1,0.004076539336137008,1.5380502987369828,4
Villaralbo,Carpio,2,65.5,0.004076539336137008,2,65.5,0.004076539336137008,1.0,0
Villaralbo,Navaluenga,6,211.0,0.002446867511943354,8,228.2,0.004009396556266406,1.6385834282797185,2
Villaralbo,Nava de la Asunción,4,124.2,0.0034871967751799017,5,144.0,0.004076539336137008,1.1690018083154203,1
Ólvega,Ledesma,10,391.2,0.0023883323506676685,14,465.3,0.0030034822654554164,1.2575646201902262,4
Ólvega,Salas de los Infantes,3,114.2,0.0024590134962611133,6,178.0,0.0030034822654554164,1.2214175603436737,3
Ólvega,Puebla de Sanabria,15,529.3,0.0024590134962611133,23,763.3,0.002595504034179046,1.055506217483338,8
Ólvega,Villadecanes,13,471.3,0.0024590134962611133,21,705.3,0.0030034822654554164,1.2214175603436737,8
Ólvega,Peñaranda de Bracamonte,8,321.8,0.0024543131108297456,12,404.2,0.0030034822654554164,1.2237567620049952,4
Ólvega,Saldaña,8,292.9,0.0024590134962611133,14,455.7,0.0030034822654554164,1.2214175603436737,6
Ólvega,Candeleda,11,417.8,0.0023560875035299883,19,626.2,0.0030034822654554164,1.2747753472464305,8
Ólvega,Venta de Baños,8,269.6,0.0024590134962611133,12,388.0,0.0030034822654554164,1.2214175603436737,4
Ólvega,Cubillos del Sil,13,454.8,0.0024590134962611133,21,688.7,0.0030034822654554164,1.2214175603436737,8
Ólvega,Villaquilambre,10,361.8,0.0024590134962611133,18,595.8,0.0030034822654554164,1.2214175603436737,8
Ólvega,Mozoncillo,4,168.9,0.0024590134962611133,7,223.7,0.0030034822654554164,1.2214175603436737,3
Ólvega,Burgos,5,201.9,0.002374969385237565,7,231.8,0.0030034822654554164,1.2646404135247336,2
Ólvega,Vitigudino,11,430.5,0.0024543131108297456,15,503.3,0.0030034822654554164,1.2237567620049952,4
Ólvega,Zaratán,8,267.6,0.0024590134962611133,11,357.1,0.0030034822654554164,1.2214175603436737,3
Ólvega,Arcos de Jalón,3,108.4,0.0030034822654554164,3,108.4,0.0030034822654554164,1.0,0
Ólvega,Miranda de Ebro,5,194.8,0.002374969385237565,9,304.8,0.0030034822654554164,1.2646404135247336,4
Ólvega,Aldeadávila de la Ribera,12,458.3,0.0024543131108297456,17,543.4,0.0030034822654554164,1.2237567620049952,5
Ólvega,Viana de Cega,8,254.6,0.0024590134962611133,11,344.1,0.0030034822654554164,1.2214175603436737,3
Ólvega,Seca (La),8,266.6,0.0024590134962611133,12,397.0,0.0030034822654554164,1.2214175603436737,4
Ólvega,Roa,5,174.6,0.0024590134962611133,7,210.9,0.0030034822654554164,1.2214175603436737,2
Ólvega,Cebreros,8,318.5,0.0023560875035299883,22,703.7,0.0030034822654554164,1.2747753472464305,14
