,Degree Centrality,Closeness Centrality,Betweenness Centrality,Eigenvector Centrality,Clustering Coefficient,Cluster
Adrada (La),0.04040404040404041,0.15022761760242792,0.015684926029814972,0.001729653288612205,0.6666666666666666,1
Mombeltrán,0.05050505050505051,0.14473684210526316,0.02991234120199539,0.0007737468971363431,0.4,0
Arévalo,0.06060606060606061,0.22,0.10822786570944716,0.15621527894217166,0.4,0
Ávila,0.04040404040404041,0.16555183946488294,0.028157188873135335,0.005020731390753488,0.6666666666666666,1
Barco de Ávila (El),0.05050505050505051,0.14842578710644677,0.016879030978465215,0.0008989801785376172,0.6,1
Navaluenga,0.04040404040404041,0.15022761760242792,0.015684926029814972,0.001729653288612205,0.6666666666666666,1
Candeleda,0.030303030303030304,0.1354309165526676,0.0,0.00035458034936292716,1.0,1
Cebreros,0.04040404040404041,0.16555183946488294,0.028157188873135335,0.005020731390753488,0.6666666666666666,1
Carpio,0.06060606060606061,0.2214765100671141,0.05784303077578505,0.09739072385763543,0.4666666666666667,0
Espinar (El),0.04040404040404041,0.18857142857142858,0.08787488167754105,0.02793440778526219,0.3333333333333333,0
Piedrahíta,0.05050505050505051,0.14842578710644677,0.016879030978465215,0.0008989801785376172,0.6,1
Burgos,0.05050505050505051,0.1853932584269663,0.11983971753493619,0.002150451981246769,0.4,0
Aranda de Duero,0.04040404040404041,0.1793478260869565,0.014611622111462696,0.006119661881193475,0.3333333333333333,0
Belorado,0.05050505050505051,0.1630971993410214,0.044987738957216326,0.0008502396387467571,0.4,0
Briviesca,0.05050505050505051,0.16097560975609757,0.013569201301740467,0.0007230988330281334,0.6,1
Miranda de Ebro,0.030303030303030304,0.14163090128755365,0.001250378152047911,0.0002728515745481707,0.6666666666666666,1
Villarcayo de Merindad de Castilla la Vieja,0.030303030303030304,0.14754098360655737,0.008057898019829106,0.00028486616021330014,0.6666666666666666,1
Huerta de Rey,0.06060606060606061,0.16694772344013492,0.02770231571483964,0.0023126462305495038,0.4666666666666667,0
Lerma,0.05050505050505051,0.19111969111969113,0.12906950447017393,0.0055198503148167115,0.3,0
Melgar de Fernamental,0.05050505050505051,0.19879518072289157,0.07416517834248748,0.02652993788667351,0.5,0
Merindad de Río Ubierna,0.06060606060606061,0.17157712305025996,0.07347247402721331,0.0015652673224190198,0.4,0
Trespaderne,0.05050505050505051,0.14798206278026907,0.013844210089175558,0.00040554928851425795,0.4,0
Duruelo de la Sierra,0.05050505050505051,0.1544461778471139,0.046473387930188036,0.0009192007629186639,0.5,0
Roa,0.030303030303030304,0.198,0.10470977601445666,0.0279968057283496,0.3333333333333333,0
Salas de los Infantes,0.05050505050505051,0.16751269035532995,0.054085987274268686,0.0014548273163377547,0.4,0
Villadiego,0.04040404040404041,0.18435754189944134,0.13711558609309193,0.006938036971351027,0.3333333333333333,0
Valle de Mena,0.020202020202020204,0.12924281984334204,0.0,9.519605386575458e-05,1.0,1
San Justo de la Vega,0.07070707070707072,0.1774193548387097,0.07197131853774684,0.016894676761263706,0.5238095238095238,0
Bañeza (La),0.06060606060606061,0.18333333333333332,0.016617353323925936,0.015701355276719627,0.6,1
Folgoso de la Ribera,0.06060606060606061,0.15492957746478872,0.13275613275613274,0.006012897167662991,0.4666666666666667,0
Santa Marina del Rey,0.08080808080808081,0.17773788150807898,0.08136614477193532,0.020573612519191556,0.5714285714285714,0
Sabero,0.05050505050505051,0.1686541737649063,0.002099475800774502,0.013195088454495626,0.7,1
Cubillos del Sil,0.05050505050505051,0.13598901098901098,0.019377447948876518,0.001550448370014751,0.8,1
Villadecanes,0.05050505050505051,0.13598901098901098,0.019377447948876518,0.001550448370014751,0.8,1
Santovenia de la Valdoncina,0.08080808080808081,0.18574108818011256,0.020988578972544525,0.022751312323223145,0.6785714285714286,1
Villaquilambre,0.08080808080808081,0.18574108818011256,0.021653880181720125,0.022447554564590976,0.6785714285714286,1
Vega de Espinareda,0.05050505050505051,0.13598901098901098,0.019377447948876518,0.001550448370014751,0.8,1
Gradefes,0.08080808080808081,0.1956521739130435,0.11133634562390206,0.023980500551492506,0.5,0
Villamañán,0.09090909090909091,0.20454545454545456,0.16402981313611384,0.027934255521021658,0.4722222222222222,0
Villasabariego,0.07070707070707072,0.18504672897196262,0.011843267098409535,0.020399647233512667,0.7619047619047619,1
Pola de Gordón (La),0.06060606060606061,0.17098445595854922,0.007981849726264735,0.017013837382332447,0.8,1
Palacios del Sil,0.04040404040404041,0.1354309165526676,0.0,0.001471116656243986,1.0,1
Puente de Domingo Flórez,0.04040404040404041,0.12073170731707317,0.03999175427746856,0.0006543693068823111,0.5,0
Villada,0.05050505050505051,0.21428571428571427,0.041142307363576214,0.05050306802866982,0.5,0
Valderas,0.05050505050505051,0.22247191011235956,0.16344090460596905,0.04116917641312783,0.3,0
Velilla del Río Carrión,0.04040404040404041,0.18,0.00926981781746884,0.011823655841971772,0.5,0
Barruelo de Santullán,0.020202020202020204,0.16610738255033558,0.0,0.00418202167426679,1.0,1
Herrera de Pisuerga,0.06060606060606061,0.19760479041916168,0.08027669692917148,0.02007302200143069,0.4,0
Torquemada,0.05050505050505051,0.19959677419354838,0.01915462167945981,0.06772700242659216,0.6,1
Carrión de los Condes,0.07070707070707072,0.2088607594936709,0.04320726621937857,0.059367999089836684,0.5238095238095238,0
Cervera de Pisuerga,0.04040404040404041,0.181651376146789,0.006886476542066051,0.010256748172587324,0.5,0
Venta de Baños,0.06060606060606061,0.21615720524017468,0.0343767884592348,0.17787041202498735,0.5333333333333333,0
Palencia,0.07070707070707072,0.21710526315789475,0.060279066741543874,0.15216570619871256,0.47619047619047616,0
Paredes de Nava,0.06060606060606061,0.2032854209445585,0.020243775672497515,0.07527366343895507,0.6,1
Saldaña,0.08080808080808081,0.20842105263157895,0.1418173331982371,0.03830574752588447,0.32142857142857145,0
Terradillos,0.05050505050505051,0.19111969111969113,0.09032534531186184,0.02244799490757314,0.6,1
Alberca (La),0.04040404040404041,0.14887218045112782,0.017624381457650457,0.001024456871759883,0.3333333333333333,0
Aldeadávila de la Ribera,0.030303030303030304,0.13655172413793104,0.00041056826771112485,0.0008578940873303173,0.6666666666666666,1
Salamanca,0.05050505050505051,0.19038461538461537,0.015646061933699065,0.023433083821832186,0.7,1
Béjar,0.04040404040404041,0.14887218045112782,0.006886323081892218,0.00088639423738867,0.6666666666666666,1
Villoria,0.05050505050505051,0.19298245614035087,0.003848415802978825,0.03381191827245713,0.8,1
Ciudad Rodrigo,0.04040404040404041,0.14042553191489363,0.010425500800290212,0.0006151604132666921,0.5,0
Fuente de San Esteban (La),0.05050505050505051,0.15890850722311398,0.046767120406235534,0.0023222037698970768,0.4,0
Fuentes de Oñoro,0.020202020202020204,0.12390488110137672,0.0,0.00020964283801386765,1.0,1
Guijuelo,0.05050505050505051,0.1689419795221843,0.083243185377652,0.003606436425626287,0.4,0
Ledesma,0.06060606060606061,0.17902350813743217,0.11458680634775965,0.01173618545530606,0.26666666666666666,0
Lumbrales,0.05050505050505051,0.13865546218487396,0.013438994492776503,0.0009053401566332206,0.4,0
Peñaranda de Bracamonte,0.06060606060606061,0.20582120582120583,0.07777119347078218,0.052740651641946176,0.6,1
Vitigudino,0.05050505050505051,0.15639810426540285,0.02245798493071885,0.0025613611192235,0.5,0
Mozoncillo,0.030303030303030304,0.18198529411764705,0.08220557317929283,0.00855546127735207,0.0,2
Cantalejo,0.04040404040404041,0.2,0.0931762660254255,0.05412149987798737,0.3333333333333333,0
Carbonero el Mayor,0.07070707070707072,0.22247191011235956,0.1587264195829838,0.1389446617737253,0.42857142857142855,0
Nava de la Asunción,0.06060606060606061,0.21475054229934923,0.021719270828757298,0.1678731765331296,0.5333333333333333,0
Campaspero,0.07070707070707072,0.2214765100671141,0.14870316102586972,0.19141606121075122,0.38095238095238093,0
San Cristóbal de Segovia,0.04040404040404041,0.19038461538461537,0.011802835612359425,0.05361694958191779,0.5,0
Ólvega,0.010101010101010102,0.11927710843373494,0.0,1.9257581895614954e-05,0.0,2
Almazán,0.030303030303030304,0.12807244501940493,0.02061430632859204,7.455349594993867e-05,0.0,2
Arcos de Jalón,0.010101010101010102,0.11366245694603903,0.0,1.027924697430873e-05,0.0,2
Berlanga de Duero,0.030303030303030304,0.14516129032258066,0.03174995112339221,0.00039077185356915653,0.3333333333333333,0
Burgo de Osma-Ciudad de Osma,0.05050505050505051,0.1652754590984975,0.06951349696101868,0.0018100154797905642,0.4,0
Soria,0.030303030303030304,0.13524590163934427,0.027619251102952876,0.00013967162314909413,0.0,2
San Leonardo de Yagüe,0.05050505050505051,0.1542056074766355,0.013987584521528687,0.0009496267612813845,0.6,1
Pedraja de Portillo (La),0.08080808080808081,0.22706422018348624,0.02866209538924156,0.32079738743202185,0.6785714285714286,1
Zaratán,0.09090909090909091,0.23459715639810427,0.06781542334012844,0.33644141880907,0.5833333333333334,0
Viana de Cega,0.07070707070707072,0.2255125284738041,0.026064752898343545,0.29645056995093544,0.8095238095238095,1
Santovenia de Pisuerga,0.09090909090909091,0.23459715639810427,0.06781542334012844,0.33644141880907,0.5833333333333334,0
Pedrajas de San Esteban,0.10101010101010102,0.23627684964200477,0.10695876513558276,0.35656215643558287,0.5333333333333333,0
Seca (La),0.09090909090909091,0.22811059907834103,0.08242396394964238,0.3194884931704424,0.5,0
Villabrágima,0.06060606060606061,0.2323943661971831,0.13746456638596072,0.15835901422251197,0.3333333333333333,0
Traspinedo,0.08080808080808081,0.23185011709601874,0.04330825777186045,0.32200880033475243,0.6785714285714286,1
Trabazos,0.010101010101010102,0.09763313609467456,0.0,1.2696806638464669e-05,0.0,2
Benavente,0.05050505050505051,0.20040485829959515,0.06883939469120805,0.01862039076303315,0.4,0
Bermillo de Sayago,0.030303030303030304,0.16808149405772496,0.009028056752328094,0.004829256780463525,0.3333333333333333,0
Villaralbo,0.030303030303030304,0.19373776908023482,0.023040382133746578,0.020534022575347654,0.3333333333333333,0
Fermoselle,0.04040404040404041,0.15372670807453417,0.010709667335253005,0.0027554425397146713,0.5,0
Fuentesaúco,0.08080808080808081,0.20842105263157895,0.17908969362366303,0.049218953960714885,0.39285714285714285,0
Puebla de Sanabria,0.020202020202020204,0.10807860262008734,0.0202020202020202,9.202852040922989e-05,0.0,2
Toro,0.06060606060606061,0.2255125284738041,0.18818201602880844,0.09488092193309178,0.26666666666666666,0
Santibáñez de Vidriales,0.030303030303030304,0.1742957746478873,0.006344298181032873,0.007063854527349269,0.6666666666666666,1
Villalpando,0.04040404040404041,0.21710526315789475,0.10580950855095454,0.043160584446572996,0.5,0
