Largest Connected Component Size,Number of Components,Diameter of Largest Component
87,1,18
87,1,20
87,1,17
83,4,14
87,1,16
79,3,14
82,3,14
87,1,17
87,1,19
87,1,17
87,1,21
86,2,15
67,2,17
86,2,16
81,4,14
79,2,14
85,3,14
80,2,18
86,2,23
87,1,18
86,2,15
87,1,17
86,2,18
86,2,14
87,1,17
87,1,17
85,2,16
86,2,16
87,1,17
77,3,14
82,3,16
87,1,17
87,1,17
87,1,17
81,2,18
87,1,17
87,1,17
84,3,14
87,1,17
86,2,17
79,2,18
77,3,17
87,1,17
86,2,18
80,2,14
83,3,15
86,2,16
82,2,16
86,2,17
87,1,16
80,3,15
82,3,14
87,1,16
84,3,20
87,1,17
86,2,17
84,3,16
87,1,16
86,2,16
85,3,17
86,2,15
86,2,18
87,1,16
87,1,16
84,3,14
86,2,15
87,1,22
87,1,18
87,1,17
86,2,17
86,2,16
87,1,18
80,2,17
86,2,16
87,1,20
72,3,13
86,2,14
86,2,19
81,2,15
86,2,20
87,1,19
80,2,14
87,1,19
87,1,18
81,2,14
85,2,18
87,1,18
86,2,19
87,1,17
85,3,19
85,2,14
87,1,18
87,1,18
87,1,19
84,3,14
86,2,17
87,1,17
84,3,16
87,1,17
86,2,18
87,1,18
82,3,16
87,1,17
87,1,18
87,1,17
80,3,14
87,1,19
79,3,14
86,2,18
87,1,18
81,2,15
85,3,17
86,2,16
86,2,15
86,2,18
81,2,17
87,1,18
87,1,17
87,1,17
86,2,16
87,1,20
86,2,17
87,1,17
86,2,18
87,1,17
84,2,21
86,2,17
87,1,20
87,1,17
87,1,16
87,1,19
87,1,16
85,3,16
86,2,18
78,4,14
87,1,17
81,2,16
84,3,14
83,2,17
87,1,17
86,2,19
86,2,18
87,1,19
87,1,18
83,2,14
84,3,15
86,2,15
82,3,15
87,1,19
87,1,17
84,4,15
86,2,17
87,1,17
87,1,17
85,2,17
87,1,18
86,2,17
86,2,16
69,2,15
86,2,14
87,1,16
87,1,17
87,1,17
87,1,17
82,3,14
84,3,16
87,1,18
80,2,16
81,2,15
81,2,16
82,3,15
84,3,19
86,2,15
86,2,17
85,2,16
85,2,15
84,3,17
65,4,13
85,2,16
85,3,17
87,1,17
87,1,17
85,3,17
87,1,17
84,2,16
78,4,14
87,1,16
87,1,18
85,3,17
87,1,18
87,1,17
87,1,19
87,1,17
87,1,17
79,2,18
81,2,14
87,1,19
79,2,18
84,3,14
80,4,15
87,1,19
87,1,17
68,3,16
87,1,17
87,1,18
87,1,19
87,1,17
87,1,16
87,1,17
87,1,18
82,3,21
72,3,17
79,3,13
87,1,16
66,3,11
87,1,17
87,1,17
87,1,17
87,1,16
87,1,17
86,2,16
87,1,18
71,2,14
87,1,18
87,1,17
86,2,16
85,3,14
85,2,15
85,2,17
85,2,16
85,2,14
86,2,18
85,2,15
86,2,17
87,1,16
79,3,15
82,3,14
87,1,18
85,2,15
87,1,18
87,1,21
85,2,16
85,3,15
87,1,18
87,1,18
86,2,18
68,3,15
84,2,14
87,1,19
79,3,17
86,2,15
87,1,16
86,2,16
87,1,18
86,2,15
86,2,17
84,3,16
87,1,17
81,2,17
87,1,17
85,3,14
87,1,17
87,1,18
87,1,16
84,4,14
81,3,15
87,1,18
87,1,15
87,1,17
68,3,14
84,3,15
86,2,17
87,1,18
85,3,14
87,1,17
87,1,17
87,1,16
87,1,18
87,1,18
84,4,15
87,1,16
81,2,15
87,1,17
77,3,14
81,2,14
87,1,17
85,2,16
87,1,16
85,2,15
86,2,15
87,1,17
82,3,13
85,3,14
86,2,20
85,3,16
87,1,17
87,1,17
87,1,17
87,1,18
86,2,17
85,2,16
87,1,17
85,2,17
87,1,17
87,1,15
81,3,13
80,3,15
87,1,16
87,1,16
87,1,18
87,1,18
87,1,18
86,2,14
87,1,16
83,4,18
86,2,17
87,1,19
87,1,22
84,3,15
87,1,19
87,1,19
86,2,20
85,2,14
86,2,16
86,2,18
87,1,17
87,1,16
85,3,15
87,1,17
87,1,16
86,2,19
85,2,16
87,1,18
87,1,18
82,2,14
87,1,20
84,3,15
81,2,14
87,1,18
86,2,16
81,2,15
80,2,15
87,1,19
87,1,18
80,2,14
86,2,17
86,2,15
79,2,18
87,1,18
81,2,14
85,2,14
86,2,15
87,1,18
86,2,16
87,1,17
87,1,17
87,1,20
85,3,13
87,1,20
87,1,22
80,2,15
87,1,18
86,2,14
87,1,18
87,1,18
87,1,18
86,2,15
79,3,13
86,2,17
81,2,16
86,2,17
85,2,17
85,3,15
87,1,17
87,1,20
87,1,20
86,2,16
86,2,16
87,1,17
87,1,18
86,2,15
80,2,13
86,2,16
87,1,18
86,2,17
80,2,19
85,3,16
87,1,19
83,2,14
87,1,18
87,1,17
86,2,14
80,2,19
86,2,18
87,1,18
82,3,17
86,2,15
81,2,15
87,1,15
87,1,17
76,4,15
87,1,19
80,2,14
80,4,13
85,3,14
86,2,17
84,3,15
85,2,15
84,3,16
87,1,18
86,2,17
86,2,21
86,2,18
87,1,17
82,3,15
87,1,19
87,1,19
85,2,16
87,1,17
87,1,17
86,2,15
86,2,14
83,2,16
86,2,16
86,2,16
86,2,17
86,2,17
86,2,14
87,1,19
87,1,17
87,1,17
86,2,16
82,3,16
83,5,16
80,2,13
86,2,16
86,2,18
87,1,17
81,2,14
87,1,16
87,1,18
87,1,16
86,2,17
87,1,17
80,2,13
87,1,17
85,3,19
86,2,15
87,1,17
86,2,22
86,2,16
86,2,18
87,1,18
86,2,16
87,1,17
71,2,14
87,1,17
87,1,14
85,2,14
80,2,13
87,1,17
85,2,15
78,3,13
86,2,15
82,2,15
87,1,17
87,1,18
87,1,18
84,4,16
87,1,17
86,2,20
87,1,18
85,2,19
79,3,14
85,2,15
86,2,15
87,1,17
87,1,18
81,2,14
87,1,17
80,2,19
86,2,18
85,2,15
81,2,14
84,3,16
86,2,15
87,1,20
86,2,16
87,1,13
86,2,17
82,3,14
65,2,18
87,1,21
87,1,17
87,1,17
87,1,17
87,1,19
87,1,17
81,3,14
87,1,18
87,1,17
78,3,14
80,2,15
86,2,21
87,1,19
81,2,16
87,1,22
85,2,16
87,1,18
86,2,19
86,2,17
87,1,17
85,2,15
80,2,14
87,1,18
85,2,16
86,2,16
85,2,17
86,2,15
87,1,19
59,3,11
87,1,17
82,2,17
79,2,16
87,1,19
77,3,17
82,2,18
87,1,17
86,2,18
79,4,16
80,2,17
85,3,16
87,1,18
73,2,18
87,1,17
84,3,14
85,3,15
81,2,15
86,2,16
87,1,17
86,2,18
87,1,18
87,1,17
83,2,19
85,2,17
87,1,18
83,2,20
85,2,16
87,1,17
87,1,20
87,1,17
87,1,18
80,2,18
80,2,14
82,2,15
86,2,16
83,4,16
75,2,17
81,2,16
87,1,16
78,2,15
82,3,16
87,1,17
87,1,18
86,2,17
87,1,17
87,1,16
87,1,16
82,2,15
86,2,18
86,2,18
70,3,15
87,1,17
82,2,16
85,2,15
84,3,18
83,3,16
85,2,14
87,1,18
87,1,18
87,1,18
68,2,18
87,1,18
87,1,18
86,2,15
84,2,18
86,2,15
81,2,15
87,1,17
82,2,16
87,1,17
86,2,16
87,1,17
86,2,15
87,1,17
81,3,15
82,3,16
85,3,16
84,3,15
87,1,17
68,2,14
81,2,15
86,2,16
87,1,18
87,1,16
85,3,15
86,2,17
86,2,17
83,2,19
81,2,15
87,1,18
80,3,14
86,2,16
87,1,18
84,3,17
87,1,19
87,1,17
85,3,14
87,1,17
80,3,14
85,2,19
83,4,14
87,1,22
87,1,19
87,1,18
82,3,13
87,1,18
77,3,17
87,1,22
80,2,14
86,2,17
86,2,16
87,1,17
86,2,18
81,2,14
85,2,15
86,2,16
85,2,16
87,1,18
86,2,15
82,3,14
87,1,18
87,1,17
84,3,14
87,1,17
87,1,20
86,2,18
79,2,17
79,2,19
87,1,17
85,3,16
87,1,17
87,1,19
85,3,16
86,2,17
87,1,17
84,2,18
86,2,17
87,1,20
85,2,15
86,2,16
86,2,15
86,2,15
82,2,18
87,1,17
82,3,17
86,2,15
81,3,16
87,1,18
77,2,14
87,1,18
80,2,14
87,1,18
87,1,17
85,2,17
85,3,14
80,2,15
85,2,14
87,1,17
87,1,18
86,2,15
87,1,19
87,1,16
80,2,14
86,2,19
84,3,15
86,2,15
84,3,16
84,3,15
86,2,17
87,1,17
87,1,17
85,2,15
79,2,15
87,1,16
86,2,17
87,1,17
84,2,17
87,1,16
86,2,19
86,2,21
81,2,15
78,4,15
86,2,15
83,4,14
78,3,14
81,2,15
87,1,18
87,1,19
87,1,17
81,2,14
85,3,16
80,4,17
85,2,17
86,2,17
86,2,20
87,1,18
81,2,15
87,1,18
87,1,17
79,3,14
87,1,17
86,2,15
86,2,17
80,2,14
87,1,17
68,2,16
81,3,15
77,3,13
87,1,17
85,2,16
87,1,17
69,2,14
85,2,17
87,1,19
87,1,17
86,2,18
87,1,18
87,1,17
85,2,14
81,2,14
85,2,15
85,2,16
85,3,16
85,3,18
81,3,15
84,2,18
87,1,16
85,3,16
86,2,15
86,2,18
87,1,18
86,2,15
81,3,18
81,2,20
84,3,17
80,2,19
86,2,15
85,2,15
81,2,18
85,3,15
87,1,17
84,3,17
87,1,24
87,1,17
87,1,17
86,2,17
86,2,16
84,3,16
86,2,17
86,2,17
79,3,14
87,1,17
87,1,17
86,2,19
87,1,16
87,1,18
87,1,17
85,2,17
85,3,15
87,1,15
87,1,18
83,4,15
87,1,16
87,1,17
87,1,17
87,1,18
86,2,17
87,1,17
86,2,15
79,3,17
81,2,14
85,2,16
87,1,17
86,2,15
86,2,15
87,1,17
87,1,18
87,1,16
87,1,17
87,1,17
87,1,17
87,1,19
80,3,14
87,1,17
85,2,15
87,1,17
80,2,15
85,2,18
85,3,18
87,1,17
80,2,14
78,4,16
86,2,20
82,4,14
87,1,17
87,1,18
87,1,19
85,2,19
87,1,17
85,3,15
86,2,19
87,1,16
84,2,14
87,1,19
85,2,14
78,3,16
87,1,17
86,2,17
79,3,18
87,1,18
85,2,16
80,2,15
86,2,15
87,1,17
85,3,16
86,2,18
87,1,17
86,2,16
87,1,19
86,2,17
82,4,16
87,1,17
86,2,16
75,3,17
86,2,18
86,2,16
87,1,17
86,2,17
87,1,17
83,2,15
85,3,15
87,1,17
86,2,18
86,2,15
87,1,16
86,2,18
71,4,16
87,1,18
87,1,17
85,2,15
86,2,18
86,2,17
82,2,15
87,1,19
85,2,16
87,1,17
85,2,17
81,3,15
87,1,19
84,3,16
87,1,17
85,2,19
87,1,18
87,1,19
87,1,18
83,2,18
84,3,17
86,2,16
86,2,16
83,2,16
87,1,20
86,2,16
82,3,17
80,2,14
87,1,16
86,2,14
87,1,17
80,4,15
87,1,17
86,2,18
86,2,16
69,4,14
87,1,16
86,2,17
80,2,15
86,2,14
84,4,15
87,1,17
87,1,18
82,2,15
87,1,17
80,3,18
87,1,17
86,2,14
87,1,18
86,2,23
87,1,18
86,2,18
86,2,16
86,2,15
87,1,17
83,3,14
86,2,18
86,2,21
68,2,16
79,4,14
87,1,17
87,1,17
87,1,16
87,1,18
87,1,17
81,3,14
86,2,19
84,2,15
86,2,15
79,2,14
87,1,17
87,1,18
80,2,18
87,1,17
87,1,18
85,2,19
85,2,16
81,2,14
87,1,18
87,1,18
86,2,17
80,2,20
86,2,16
87,1,17
76,3,16
80,2,15
85,2,14
87,1,16
87,1,17
85,3,15
84,4,15
87,1,17
87,1,18
85,3,14
87,1,18
86,2,17
82,2,14
85,3,17
87,1,17
82,2,16
84,2,17
85,2,15
80,2,15
83,4,14
87,1,20
84,3,14
87,1,18
83,3,14
86,2,15
87,1,14
79,3,14
85,2,14
87,1,17
81,2,15
87,1,16
87,1,18
87,1,18
86,2,19
87,1,18
87,1,17
86,2,15
87,1,17
87,1,16
80,2,18
87,1,18
86,2,18
87,1,17
87,1,18
87,1,17
69,2,18
87,1,17
87,1,15
80,2,14
86,2,14
81,2,15
85,2,17
87,1,16
80,3,12
81,3,16
81,3,17
68,2,18
87,1,15
86,2,17
87,1,18
87,1,17
86,2,15
87,1,18
82,2,18
87,1,17
87,1,20
83,2,16
85,3,18
77,3,18
84,4,14
83,2,17
85,3,16
87,1,16
86,2,15
82,3,14
87,1,17
87,1,16
87,1,18
80,2,17
79,2,17
87,1,18
82,2,17
87,1,19
87,1,17
80,4,14
85,2,16
70,2,16
86,2,17
85,2,15
86,2,19
86,2,18
87,1,19
87,1,17
86,2,16
87,1,17
87,1,17
86,2,16
87,1,19
87,1,18
87,1,20
80,2,15
87,1,16
85,3,15
86,2,16
87,1,19
87,1,17
87,1,17
87,1,16
86,2,17
87,1,16
87,1,19
87,1,18
86,2,15
87,1,17
87,1,16
87,1,17
84,4,14
80,3,15
87,1,19
83,2,16
86,2,18
87,1,17
87,1,18
86,2,16
81,2,18
87,1,17
87,1,19
87,1,17
78,3,17
87,1,17
84,3,15
81,3,14
85,2,14
79,3,15
85,2,16
85,2,14
86,2,17
87,1,16
87,1,19
86,2,16
87,1,16
87,1,18
87,1,20
87,1,17
85,3,16
82,2,15
87,1,17
87,1,18
86,2,18
87,1,16
87,1,17
87,1,17
61,4,15
86,2,19
87,1,20
86,2,15
87,1,18
87,1,18
86,2,19
87,1,15
87,1,17
87,1,18
87,1,19
85,2,15
79,3,15
87,1,18
85,2,15
80,2,16
87,1,18
86,2,18
86,2,14
86,2,16
87,1,17
87,1,18
80,2,15
86,2,16
80,4,14
87,1,20
87,1,16
82,2,15
86,2,14
86,2,16
86,2,17
66,2,16
86,2,16
72,2,14
87,1,19
82,2,14
87,1,22
87,1,18
87,1,16
87,1,17
87,1,17
87,1,18
87,1,17
87,1,17
80,5,14
79,2,14
86,2,16
81,2,19
84,3,14
85,2,16
86,2,16
87,1,17
86,2,16
87,1,18
84,3,16
81,2,18
85,2,15
86,2,16
87,1,20
86,2,20
87,1,17
80,2,14
87,1,17
87,1,17
87,1,16
87,1,16
87,1,16
87,1,18
84,2,17
81,3,14
81,2,18
86,2,17
87,1,16
86,2,19
87,1,17
87,1,18
86,2,17
81,3,15
81,3,14
85,2,15
86,2,17
85,2,17
86,2,20
86,2,15
87,1,16
82,4,18
86,2,17
85,2,14
87,1,19
87,1,21
87,1,17
87,1,16
87,1,19
87,1,19
86,2,15
86,2,15
82,2,14
86,2,15
86,2,17
87,1,20
84,3,15
81,2,14
86,2,15
86,2,16
84,3,18
86,2,17
87,1,19
83,2,14
81,2,14
80,2,13
87,1,20
87,1,18
83,2,17
87,1,17
86,2,19
86,2,21
87,1,17
86,2,17
87,1,21
83,3,16
87,1,17
87,1,18
87,1,17
87,1,17
87,1,17
86,2,15
85,3,16
87,1,17
87,1,17
86,2,16
79,2,16
85,3,17
87,1,17
87,1,17
85,3,15
87,1,18
86,2,17
85,2,15
85,2,17
87,1,18
87,1,18
82,3,13
86,2,18
82,3,14
85,2,16
82,2,15
85,3,15
87,1,19
85,2,15
81,2,14
86,2,15
87,1,17
86,2,15
86,2,14
86,2,15
86,2,16
85,3,15
86,2,17
84,3,15
80,2,13
87,1,17
86,2,15
87,1,17
87,1,17
86,2,16
84,3,15
82,3,16
85,3,14
86,2,19
87,1,19
85,2,16
80,4,16
84,3,15
87,1,17
87,1,18
82,2,14
87,1,16
67,3,15
87,1,17
83,5,13
87,1,18
86,2,17
87,1,17
79,3,16
87,1,22
87,1,17
85,3,16
87,1,18
87,1,17
87,1,18
83,2,19
81,3,16
87,1,18
87,1,18
77,3,17
87,1,17
87,1,17
87,1,18
87,1,17
87,1,17
85,2,14
82,2,14
86,2,17
87,1,18
71,3,17
87,1,16
87,1,18
85,2,14
87,1,16
87,1,17
87,1,16
67,2,15
87,1,17
87,1,16
87,1,17
75,2,15
87,1,18
81,3,14
87,1,18
87,1,17
87,1,18
86,2,15
85,2,15
87,1,20
80,2,18
87,1,19
87,1,17
87,1,18
83,4,14
87,1,17
86,2,19
85,2,17
85,2,18
85,2,17
87,1,17
86,2,17
87,1,17
84,3,16
87,1,17
86,2,16
87,1,18
80,2,15
84,2,16
84,3,15
85,2,16
87,1,17
87,1,17
62,3,16
87,1,18
87,1,18
87,1,18
87,1,18
86,2,17
83,4,15
87,1,17
87,1,18
87,1,17
85,2,16
82,3,14
86,2,18
87,1,17
87,1,15
87,1,21
87,1,17
87,1,18
87,1,17
79,3,18
87,1,17
87,1,18
85,2,15
85,2,14
87,1,17
87,1,17
87,1,21
85,2,21
81,3,14
87,1,17
87,1,17
87,1,22
81,2,16
87,1,16
87,1,17
87,1,17
87,1,17
83,2,18
82,3,15
69,4,14
87,1,17
86,2,19
87,1,17
81,2,15
65,2,15
87,1,18
80,3,16
87,1,17
86,2,18
86,2,19
87,1,17
86,2,15
85,3,16
85,2,15
87,1,18
85,2,16
86,2,16
85,2,19
86,2,16
81,2,15
86,2,16
84,2,19
86,2,18
86,2,15
83,2,17
84,3,15
87,1,19
86,2,17
85,2,14
80,2,15
82,2,15
87,1,21
87,1,18
80,3,14
87,1,17
86,2,17
86,2,16
87,1,19
87,1,17
85,2,14
86,2,16
76,2,18
85,2,14
87,1,16
87,1,17
87,1,17
82,4,13
87,1,18
87,1,17
80,2,16
85,3,17
87,1,19
77,3,15
87,1,16
84,3,17
86,2,15
85,3,17
86,2,17
87,1,19
81,2,15
84,2,16
85,2,14
87,1,16
82,2,14
85,2,15
86,2,17
83,2,17
87,1,16
81,3,15
85,2,18
87,1,17
86,2,15
80,2,16
80,2,19
80,2,13
85,2,16
87,1,17
86,2,19
80,3,13
87,1,17
86,2,17
86,2,16
84,3,18
87,1,17
87,1,17
87,1,18
85,2,17
87,1,14
87,1,15
84,3,15
87,1,18
81,2,15
85,3,13
81,2,23
83,2,17
87,1,17
87,1,17
87,1,17
86,2,21
85,3,15
87,1,17
87,1,16
87,1,17
87,1,20
86,2,15
87,1,17
86,2,17
87,1,18
87,1,18
87,1,17
86,2,15
86,2,20
87,1,17
87,1,17
80,2,15
87,1,17
87,1,18
86,2,21
86,2,17
86,2,17
85,2,14
80,3,17
86,2,18
86,2,17
87,1,19
84,3,15
86,2,17
87,1,17
87,1,20
84,2,14
84,3,16
87,1,17
85,3,16
85,2,17
86,2,19
86,2,18
84,3,15
86,2,19
86,2,15
86,2,17
80,2,14
85,2,14
87,1,20
79,3,14
86,2,16
82,3,17
87,1,19
87,1,21
87,1,17
84,3,14
86,2,15
84,3,16
85,2,17
81,3,14
86,2,17
87,1,16
87,1,19
87,1,16
73,5,15
87,1,18
86,2,16
87,1,17
84,3,15
80,2,15
82,3,14
69,2,17
87,1,17
84,3,15
86,2,17
86,2,16
87,1,18
86,2,15
80,2,15
87,1,17
83,2,17
80,2,14
87,1,18
86,2,19
87,1,18
87,1,17
85,2,19
87,1,18
79,3,15
79,3,14
86,2,17
80,2,14
87,1,17
75,3,18
85,3,16
85,2,16
85,3,15
86,2,16
87,1,18
87,1,18
81,2,13
85,2,18
79,2,15
87,1,16
87,1,17
87,1,17
83,4,14
87,1,19
83,3,14
87,1,17
87,1,17
87,1,18
87,1,18
86,2,16
85,2,15
87,1,17
86,2,16
87,1,18
87,1,18
87,1,17
87,1,18
87,1,19
85,3,14
80,2,17
85,2,14
86,2,20
87,1,17
86,2,18
86,2,18
86,2,17
87,1,18
86,2,17
86,2,15
87,1,18
85,2,15
79,3,14
87,1,17
87,1,17
84,3,15
86,2,15
87,1,18
87,1,22
87,1,16
87,1,16
86,2,18
85,3,16
86,2,17
86,2,17
81,3,16
84,3,18
87,1,17
87,1,19
82,3,15
85,3,15
86,2,16
87,1,17
78,5,14
87,1,17
86,2,15
87,1,17
73,4,15
86,2,16
87,1,25
87,1,16
86,2,19
87,1,20
86,2,17
87,1,19
87,1,16
85,2,15
87,1,17
87,1,17
87,1,17
87,1,19
87,1,17
86,2,16
79,3,20
87,1,18
85,2,19
81,2,14
86,2,18
86,2,17
84,3,14
80,2,15
85,2,17
87,1,16
84,3,16
85,3,16
85,2,17
85,3,16
85,3,15
87,1,17
82,3,13
86,2,16
83,3,16
82,2,15
87,1,19
79,3,13
87,1,18
81,3,14
85,2,18
87,1,17
87,1,17
86,2,19
86,2,18
86,2,14
86,2,14
85,2,14
87,1,17
87,1,18
87,1,16
80,2,15
80,3,14
87,1,17
87,1,17
86,2,14
86,2,17
78,3,17
87,1,16
85,3,15
82,3,14
87,1,18
80,2,15
81,2,15
87,1,17
84,3,17
86,2,17
86,2,19
87,1,18
87,1,17
86,2,16
87,1,17
86,2,14
85,2,14
86,2,17
84,3,21
69,3,14
86,2,16
84,3,16
87,1,17
86,2,16
80,2,18
82,3,14
87,1,16
80,2,15
82,3,15
86,2,18
80,2,17
85,2,14
82,2,15
87,1,17
87,1,17
86,2,15
86,2,18
87,1,15
87,1,17
81,3,14
80,2,16
86,2,17
86,2,16
87,1,18
84,3,15
87,1,18
87,1,16
87,1,16
87,1,20
86,2,16
86,2,16
86,2,15
81,2,14
86,2,18
70,2,14
87,1,18
86,2,17
86,2,17
87,1,17
81,2,14
87,1,17
87,1,18
86,2,18
80,4,13
87,1,16
86,2,19
85,2,16
86,2,16
86,2,16
84,3,15
86,2,15
85,2,16
85,3,19
87,1,16
87,1,18
80,2,16
81,2,16
78,4,14
87,1,18
81,2,14
87,1,17
82,3,14
82,2,15
87,1,17
87,1,16
85,2,16
87,1,17
86,2,20
84,2,18
85,3,16
56,5,10
84,3,15
87,1,18
87,1,17
87,1,17
87,1,17
86,2,17
87,1,17
81,4,15
87,1,16
85,2,15
85,2,17
86,2,15
85,3,15
86,2,16
86,2,18
86,2,17
87,1,16
84,3,17
86,2,17
80,2,14
87,1,16
69,2,15
81,2,19
87,1,17
86,2,16
87,1,18
87,1,17
85,2,16
86,2,16
87,1,17
81,2,15
85,2,16
85,2,17
87,1,18
87,1,18
85,2,17
87,1,18
84,3,18
87,1,17
87,1,17
86,2,19
80,2,13
87,1,18
87,1,17
85,3,15
82,4,15
68,2,14
86,2,18
87,1,18
85,2,18
80,2,18
87,1,17
87,1,16
87,1,17
87,1,18
87,1,19
87,1,16
81,4,16
87,1,17
87,1,16
85,2,18
87,1,18
81,3,15
86,2,17
86,2,17
80,2,18
86,2,17
80,2,19
87,1,17
86,2,17
86,2,15
86,2,17
87,1,17
87,1,18
84,3,15
86,2,18
80,3,13
87,1,18
78,2,17
81,2,14
83,2,16
80,2,15
85,3,15
87,1,17
83,3,16
87,1,17
87,1,20
84,3,16
87,1,18
87,1,17
85,2,15
87,1,17
68,2,15
87,1,18
81,2,13
87,1,16
86,2,16
81,2,16
85,3,16
87,1,16
81,2,14
87,1,16
86,2,22
87,1,17
80,2,14
86,2,19
87,1,18
81,3,16
87,1,18
86,2,18
86,2,18
81,3,17
87,1,17
85,2,16
87,1,19
87,1,17
86,2,16
82,3,13
85,2,19
87,1,18
80,2,14
87,1,17
85,3,16
87,1,18
81,2,14
85,2,14
83,2,15
86,2,19
87,1,17
86,2,16
87,1,17
87,1,18
87,1,20
86,2,18
86,2,16
87,1,17
87,1,17
85,2,16
85,2,14
86,2,17
87,1,18
87,1,18
87,1,17
84,3,16
87,1,15
87,1,17
87,1,18
87,1,17
79,3,14
67,3,14
87,1,17
79,3,15
87,1,15
87,1,18
87,1,17
81,4,13
87,1,18
87,1,17
85,2,18
86,2,16
86,2,15
73,2,17
82,3,14
87,1,17
80,3,16
87,1,16
87,1,17
84,3,14
87,1,18
85,2,17
85,2,15
85,2,16
87,1,17
85,2,15
87,1,18
87,1,16
82,3,15
86,2,18
85,3,15
85,3,18
83,3,15
84,2,17
87,1,20
83,3,16
86,2,16
87,1,19
80,2,19
85,2,17
86,2,19
85,2,17
82,3,15
87,1,18
80,3,14
84,3,17
85,2,15
85,3,15
87,1,17
87,1,20
85,2,17
86,2,17
80,2,15
87,1,15
86,2,16
84,3,18
82,3,14
72,3,14
77,2,14
86,2,15
87,1,18
82,2,16
87,1,16
86,2,18
86,2,19
81,3,13
81,2,14
87,1,17
87,1,19
87,1,18
87,1,17
82,3,14
86,2,16
86,2,16
86,2,17
86,2,17
86,2,18
87,1,17
87,1,17
84,2,17
87,1,18
85,2,14
69,2,15
87,1,17
79,3,16
85,3,15
87,1,17
86,2,17
85,2,14
87,1,17
87,1,18
87,1,18
81,2,15
80,2,17
86,2,15
87,1,17
85,2,15
85,3,15
80,2,15
86,2,19
79,3,14
81,3,16
87,1,19
85,3,18
87,1,16
86,2,15
81,3,15
84,3,15
83,3,13
87,1,16
87,1,22
87,1,18
87,1,17
80,4,19
80,2,19
82,3,17
86,2,19
86,2,14
83,2,18
87,1,18
79,3,14
85,2,19
87,1,17
86,2,15
87,1,18
87,1,16
87,1,21
84,3,15
86,2,17
85,2,14
82,4,14
81,2,14
67,3,17
86,2,15
86,2,18
82,3,15
84,3,15
85,3,15
85,3,17
87,1,17
71,2,14
87,1,20
87,1,16
87,1,18
87,1,17
87,1,17
84,3,14
86,2,16
87,1,18
87,1,19
87,1,17
78,4,15
86,2,17
87,1,18
87,1,18
87,1,17
66,3,17
87,1,19
87,1,17
86,2,15
80,2,14
87,1,22
87,1,20
85,3,16
87,1,17
85,2,14
86,2,17
87,1,17
85,3,17
80,2,14
87,1,17
86,2,17
87,1,18
86,2,16
87,1,17
87,1,17
87,1,18
87,1,19
86,2,17
87,1,16
84,3,14
86,2,15
87,1,16
87,1,15
87,1,18
81,3,19
86,2,18
87,1,18
75,2,17
87,1,16
86,2,16
79,3,14
85,2,14
80,3,16
77,5,14
83,4,16
87,1,16
86,2,18
80,2,15
81,3,15
84,3,14
68,2,14
87,1,15
87,1,16
87,1,17
87,1,18
86,2,18
69,3,13
85,2,16
87,1,16
77,5,14
85,2,16
81,2,16
73,3,15
87,1,18
86,2,16
87,1,19
80,2,13
86,2,17
64,3,14
81,2,14
80,2,16
87,1,17
85,3,16
80,2,16
87,1,16
86,2,21
87,1,17
87,1,21
87,1,19
87,1,17
78,4,14
86,2,17
87,1,16
85,2,14
87,1,18
86,2,15
86,2,18
87,1,17
81,3,18
86,2,18
85,3,17
81,3,15
79,3,14
87,1,18
87,1,17
83,3,16
80,2,15
86,2,17
87,1,17
85,3,15
85,3,16
87,1,16
87,1,17
80,2,16
87,1,17
87,1,20
84,3,14
87,1,17
85,3,15
87,1,18
87,1,18
83,3,17
87,1,16
87,1,18
81,2,14
87,1,18
86,2,16
83,3,17
86,2,17
87,1,17
87,1,19
66,2,14
87,1,17
87,1,16
84,3,14
87,1,18
85,2,19
87,1,17
87,1,16
87,1,19
87,1,18
87,1,16
87,1,18
87,1,18
86,2,17
87,1,18
87,1,17
83,2,15
86,2,15
82,4,14
86,2,19
86,2,17
86,2,20
86,2,16
83,4,17
87,1,18
86,2,18
87,1,18
80,2,17
86,2,16
85,2,15
87,1,17
83,2,18
83,2,17
87,1,17
85,2,15
86,2,19
87,1,17
86,2,17
87,1,16
85,2,18
87,1,20
87,1,18
86,2,17
87,1,19
86,2,17
87,1,17
87,1,17
86,2,22
85,3,15
87,1,18
86,2,17
87,1,18
87,1,18
85,3,15
87,1,18
86,2,16
86,2,16
83,2,16
76,3,14
85,3,16
85,2,18
87,1,17
84,3,13
86,2,19
87,1,18
87,1,19
87,1,17
87,1,18
82,3,14
79,4,14
87,1,17
80,2,15
87,1,17
85,3,18
87,1,17
80,3,18
85,3,15
87,1,17
87,1,21
79,3,14
87,1,17
87,1,19
87,1,17
87,1,18
86,2,17
86,2,17
87,1,17
86,2,17
85,2,15
87,1,18
84,3,15
87,1,16
85,3,20
87,1,17
87,1,16
87,1,17
87,1,19
87,1,15
86,2,17
87,1,17
82,4,15
87,1,17
84,3,17
87,1,17
86,2,16
87,1,17
81,2,14
87,1,17
83,4,15
85,3,17
87,1,17
87,1,16
83,3,14
87,1,19
82,3,14
80,2,13
86,2,17
86,2,15
86,2,17
87,1,18
87,1,20
86,2,16
87,1,19
81,2,15
87,1,17
81,2,14
87,1,17
87,1,19
78,2,15
74,4,13
87,1,18
87,1,17
87,1,19
87,1,17
86,2,14
85,2,14
87,1,17
81,2,19
81,3,15
87,1,18
86,2,20
87,1,18
87,1,18
87,1,17
86,2,14
85,3,14
87,1,17
87,1,17
86,2,15
87,1,16
85,3,15
86,2,17
80,3,17
87,1,17
86,2,15
86,2,16
87,1,17
85,2,15
79,4,14
79,3,18
87,1,18
87,1,17
85,2,15
86,2,18
86,2,15
83,2,20
86,2,17
86,2,18
80,2,14
87,1,17
86,2,19
87,1,20
81,3,15
86,2,21
86,2,17
86,2,19
87,1,17
86,2,16
85,2,17
87,1,20
84,3,15
87,1,16
84,2,17
81,2,14
86,2,15
86,2,16
87,1,18
87,1,17
87,1,18
83,3,17
87,1,18
85,3,15
85,3,15
82,3,17
86,2,18
86,2,17
85,2,14
85,2,18
87,1,22
81,2,16
87,1,18
84,3,14
81,2,13
85,2,16
87,1,18
87,1,20
86,2,18
87,1,18
87,1,18
87,1,17
87,1,18
87,1,18
86,2,16
85,3,16
86,2,21
86,2,14
87,1,17
87,1,17
87,1,18
85,2,14
75,2,17
87,1,17
86,2,18
87,1,18
87,1,18
87,1,18
86,2,17
87,1,17
87,1,19
80,3,17
85,2,14
79,4,15
87,1,16
82,2,15
87,1,17
87,1,18
86,2,19
85,2,18
87,1,18
86,2,15
85,2,16
87,1,16
82,3,15
87,1,17
81,2,14
79,2,14
81,3,13
86,2,18
87,1,18
87,1,15
84,2,17
86,2,17
87,1,16
87,1,16
87,1,18
82,3,15
87,1,18
86,2,18
87,1,17
87,1,17
86,2,16
87,1,17
82,4,14
87,1,19
87,1,17
87,1,15
86,2,15
80,2,15
87,1,18
86,2,17
87,1,17
87,1,18
87,1,19
86,2,20
84,3,14
87,1,17
87,1,17
86,2,19
83,2,16
87,1,17
87,1,18
82,3,18
87,1,18
85,2,14
87,1,17
81,3,17
86,2,17
87,1,21
86,2,15
79,3,14
86,2,17
81,3,15
86,2,18
84,3,17
87,1,18
86,2,15
85,2,14
86,2,17
86,2,19
85,2,16
85,2,17
86,2,15
86,2,17
85,2,16
87,1,18
87,1,17
86,2,18
87,1,17
86,2,17
87,1,18
87,1,18
87,1,18
87,1,17
86,2,16
85,2,14
87,1,18
86,2,15
86,2,16
87,1,17
85,2,15
83,3,14
87,1,20
86,2,18
87,1,18
87,1,17
87,1,16
87,1,17
83,2,15
87,1,19
85,2,14
83,2,17
82,4,15
84,2,17
85,2,18
78,4,16
87,1,18
78,2,18
87,1,18
87,1,17
86,2,17
80,2,14
86,2,15
85,3,17
86,2,19
87,1,18
86,2,18
85,2,14
86,2,18
86,2,17
87,1,15
87,1,17
85,2,16
87,1,17
87,1,22
80,2,20
84,3,19
82,3,14
82,3,14
80,2,15
82,4,14
87,1,18
87,1,18
86,2,15
77,3,15
79,3,15
86,2,17
80,2,14
86,2,15
87,1,18
86,2,18
86,2,18
86,2,16
82,4,14
87,1,17
75,3,16
87,1,16
81,3,18
84,3,14
87,1,15
87,1,16
86,2,16
87,1,22
86,2,16
85,2,17
86,2,15
85,3,16
87,1,18
85,2,17
86,2,18
81,4,16
85,2,19
87,1,18
81,2,14
87,1,17
83,4,15
87,1,23
81,2,17
81,2,14
84,3,15
87,1,19
87,1,17
79,4,17
87,1,17
78,4,14
86,2,16
81,2,15
86,2,14
87,1,17
87,1,17
85,2,15
86,2,18
85,2,15
87,1,17
87,1,18
87,1,16
87,1,18
87,1,18
85,2,17
80,2,14
81,2,14
79,3,14
87,1,17
79,2,18
85,3,15
81,3,15
87,1,17
85,2,14
87,1,17
86,2,16
86,2,17
87,1,20
86,2,23
84,3,15
86,2,18
87,1,21
85,3,13
87,1,16
87,1,17
81,2,17
86,2,18
87,1,18
85,2,16
83,2,17
82,2,15
86,2,16
86,2,17
79,3,14
87,1,17
85,2,15
87,1,17
80,2,14
81,3,15
71,2,15
80,2,14
80,2,14
80,2,14
83,2,16
85,2,17
87,1,17
84,3,16
87,1,16
87,1,18
84,3,15
87,1,18
83,3,14
79,3,18
87,1,16
87,1,18
85,3,15
86,2,16
86,2,15
87,1,17
84,3,14
87,1,22
87,1,17
87,1,16
87,1,17
87,1,17
85,2,15
80,2,16
87,1,19
87,1,15
85,2,15
84,3,17
87,1,17
87,1,17
87,1,18
84,2,18
87,1,18
87,1,17
85,3,19
85,2,15
87,1,17
85,3,14
87,1,17
87,1,17
86,2,15
83,4,16
87,1,18
87,1,17
84,3,17
85,2,15
87,1,19
87,1,16
80,2,15
85,2,15
87,1,17
86,2,15
86,2,15
87,1,17
87,1,17
87,1,17
85,2,14
81,3,15
86,2,17
81,2,19
82,3,15
85,2,15
85,2,17
87,1,18
85,2,15
86,2,16
69,2,16
87,1,17
84,3,15
87,1,18
86,2,18
84,3,14
87,1,16
87,1,18
78,4,13
86,2,16
87,1,18
87,1,18
82,2,18
87,1,16
86,2,17
87,1,14
87,1,19
85,2,15
81,2,14
81,2,14
84,3,20
87,1,17
85,3,19
78,3,13
87,1,18
87,1,17
65,4,14
83,3,15
86,2,17
87,1,27
87,1,18
81,2,18
80,2,15
87,1,18
85,2,15
87,1,18
86,2,18
85,2,17
87,1,19
87,1,16
83,2,18
80,2,19
84,3,15
85,2,14
86,2,19
87,1,17
85,3,14
87,1,15
80,4,18
86,2,15
87,1,17
84,3,16
85,2,16
87,1,17
81,2,15
85,2,16
87,1,22
83,3,15
84,3,14
81,3,16
84,3,15
87,1,17
87,1,17
87,1,17
87,1,17
87,1,19
67,3,14
86,2,15
87,1,16
87,1,16
87,1,20
87,1,20
87,1,18
86,2,19
86,2,17
87,1,17
86,2,16
84,3,14
86,2,16
87,1,17
80,2,14
86,2,16
87,1,14
84,3,14
83,3,14
87,1,18
87,1,16
86,2,18
87,1,17
86,2,20
86,2,16
87,1,17
87,1,18
85,2,15
87,1,16
85,2,14
82,3,14
87,1,18
87,1,17
81,2,19
87,1,17
86,2,17
85,3,14
87,1,17
85,3,17
86,2,16
84,3,15
83,2,15
87,1,21
87,1,17
87,1,18
83,2,14
87,1,18
87,1,27
87,1,17
85,3,16
85,3,16
87,1,18
83,2,18
87,1,17
87,1,15
80,2,14
87,1,18
84,3,15
86,2,17
85,2,15
86,2,15
87,1,17
87,1,18
86,2,16
81,2,17
86,2,16
84,2,16
87,1,15
84,3,22
87,1,18
85,2,16
84,3,15
81,2,16
83,2,18
87,1,18
87,1,19
86,2,15
87,1,19
80,2,14
87,1,17
80,3,13
87,1,16
87,1,21
87,1,16
85,3,15
80,2,15
87,1,15
84,3,23
85,2,14
87,1,17
81,2,13
86,2,16
86,2,16
87,1,19
87,1,19
87,1,18
86,2,17
87,1,20
87,1,18
87,1,18
86,2,16
86,2,16
87,1,17
71,2,16
85,2,15
86,2,14
86,2,15
86,2,16
87,1,17
80,3,14
82,3,14
85,3,17
87,1,19
82,3,14
85,3,17
87,1,17
85,3,16
86,2,17
85,2,16
87,1,18
87,1,17
87,1,18
86,2,19
87,1,18
82,3,15
85,2,18
85,2,14
87,1,17
87,1,16
81,2,15
85,2,18
83,2,17
85,3,15
86,2,17
83,4,17
85,2,18
80,2,14
87,1,17
87,1,23
83,4,14
87,1,16
86,2,17
86,2,15
85,3,15
85,2,14
86,2,16
86,2,16
87,1,20
83,2,19
87,1,16
87,1,17
87,1,16
80,2,16
87,1,19
86,2,17
87,1,17
87,1,19
85,3,15
87,1,17
87,1,17
87,1,18
87,1,15
82,2,15
87,1,18
86,2,17
81,2,16
86,2,19
87,1,18
87,1,16
87,1,18
84,3,14
87,1,17
87,1,17
87,1,17
84,3,16
87,1,17
87,1,17
87,1,18
84,3,17
81,4,15
87,1,17
85,2,14
87,1,18
81,3,17
85,3,14
86,2,15
86,2,17
85,2,15
87,1,20
87,1,18
80,4,15
79,2,18
87,1,18
87,1,17
80,2,16
86,2,18
87,1,19
85,2,15
85,2,15
87,1,18
87,1,17
86,2,19
80,2,17
85,3,14
86,2,19
87,1,17
79,2,17
87,1,16
85,2,14
86,2,17
