red,protocolo,p,S,S_std,C_median,C_median_std,C_mean,C_ci_low,C_ci_high
espana,degree_static,0.0,1.0,,0.003268838563848,,0.0031319790183950828,,
espana,degree_static,0.01,0.9894736842105263,,0.003268838563848,,0.0030716669786656895,,
espana,degree_static,0.02,0.98,,0.0031716637008243,,0.003009840313884092,,
espana,degree_static,0.03,0.9694736842105263,,0.0031716637008243,,0.0029349826025322425,,
espana,degree_static,0.04,0.96,,0.0031295715171653,,0.002863073388765292,,
espana,degree_static,0.05,0.9494736842105264,,0.0027838422983263,,0.0027412557419297123,,
espana,degree_static,0.06,0.94,,0.0027838422983263,,0.0026824708352389337,,
espana,degree_static,0.07,0.9294736842105263,,0.0027838422983263,,0.0026143690698076753,,
espana,degree_static,0.08,0.92,,0.0027838422983263,,0.002549695969270723,,
espana,degree_static,0.09,0.9094736842105263,,0.0027838422983263,,0.0024448593236883155,,
espana,degree_static,0.1,0.9,,0.0027319010912908,,0.0023670920895011655,,
espana,degree_static,0.11,0.8894736842105263,,0.0027319010912908,,0.002304751412686644,,
espana,degree_static,0.12,0.88,,0.0027319010912908,,0.002256148468724766,,
espana,degree_static,0.13,0.8694736842105263,,0.0027319010912908,,0.002173264647891861,,
espana,degree_static,0.14,0.8589473684210527,,0.0027319010912908,,0.002106496568747443,,
espana,degree_static,0.15,0.8494736842105263,,0.0027319010912908,,0.002053918374784388,,
espana,degree_static,0.16,0.84,,0.0025857439908951,,0.0019066801165327299,,
espana,degree_static,0.17,0.8294736842105264,,0.0025857439908951,,0.001858203737457268,,
espana,degree_static,0.18,0.82,,0.0025857439908951,,0.0018248439012719686,,
espana,degree_static,0.19,0.8094736842105263,,0.0023879517707613,,0.0017399295132923638,,
espana,degree_static,0.2,0.8,,0.0023879517707613,,0.001690877212854788,,
espana,degree_static,0.21,0.7894736842105263,,0.0023879517707613,,0.0016438355894270323,,
espana,degree_static,0.22,0.78,,0.0023351503354795,,0.0015969536445545238,,
espana,degree_static,0.23,0.7694736842105263,,0.0022935274483338,,0.0015379980524299146,,
espana,degree_static,0.24,0.76,,0.0022559382828648,,0.0014362345207849644,,
espana,degree_static,0.25,0.7494736842105263,,0.0022559382828648,,0.00138093825762358,,
espana,degree_static,0.26,0.74,,0.0021662637949031,,0.0013377307653099078,,
espana,degree_static,0.27,0.7294736842105263,,0.0020857293263234,,0.0012891821978851029,,
espana,degree_static,0.28,0.72,,0.0013867443285103,,0.0012546289459345506,,
espana,degree_static,0.29,0.7094736842105264,,0.0,,0.0012161664547732454,,
espana,degree_static,0.3,0.7,,0.0,,0.001184360814185721,,
espana,degree_static,0.31,0.6894736842105263,,0.0,,0.0011563060017364514,,
espana,degree_static,0.32,0.68,,0.0,,0.0010813260989149902,,
espana,degree_static,0.33,0.6694736842105263,,0.0,,0.0010401176304241106,,
espana,degree_static,0.34,0.66,,0.0,,0.0009998497579949172,,
espana,degree_static,0.35,0.6484210526315789,,0.0,,0.0009614034134177141,,
espana,degree_static,0.36,0.6389473684210526,,0.0,,0.0009317992747102589,,
espana,degree_static,0.37,0.6231578947368421,,0.0,,0.000865127359653231,,
espana,degree_static,0.38,0.6136842105263158,,0.0,,0.0008284895972561028,,
espana,degree_static,0.39,0.6031578947368421,,0.0,,0.0007911981598628714,,
espana,degree_static,0.4,0.5936842105263158,,0.0,,0.0007615613189556927,,
espana,degree_static,0.41,0.5821052631578948,,0.0,,0.0007192744332553718,,
espana,degree_static,0.42,0.5642105263157895,,0.0,,0.0006632369468704935,,
espana,degree_static,0.43,0.5515789473684211,,0.0,,0.0006188297704898529,,
espana,degree_static,0.44,0.5431578947368421,,0.0,,0.0005935083896017266,,
espana,degree_static,0.45,0.5326315789473685,,0.0,,0.0005680015449513156,,
espana,degree_static,0.46,0.5136842105263157,,0.0,,0.0005379303525204646,,
espana,degree_static,0.47,0.48105263157894734,,0.0,,0.00047380811525831433,,
espana,degree_static,0.48,0.4694736842105263,,0.0,,0.00045086565621155363,,
espana,degree_static,0.49,0.4557894736842105,,0.0,,0.0004256335895933527,,
espana,degree_static,0.5,0.4473684210526316,,0.0,,0.00040582940513518193,,
espana,degree_adaptive,0.0,1.0,,0.003268838563848,,0.0031319790183950828,,
espana,degree_adaptive,0.01,0.9894736842105263,,0.0032496250109036,,0.0030655216466379,,
espana,degree_adaptive,0.02,0.98,,0.0031716637008243,,0.0029951681226697132,,
espana,degree_adaptive,0.03,0.9694736842105263,,0.0031716637008243,,0.002910993070138444,,
espana,degree_adaptive,0.04,0.96,,0.0031295715171653,,0.002860040478644601,,
espana,degree_adaptive,0.05,0.9494736842105264,,0.0031092467624572,,0.0028014797784987806,,
espana,degree_adaptive,0.06,0.94,,0.0029998911586706,,0.00270087138935948,,
espana,degree_adaptive,0.07,0.9294736842105263,,0.0029998911586706,,0.002645187212696755,,
espana,degree_adaptive,0.08,0.92,,0.0029445837578499,,0.0025739424066690284,,
espana,degree_adaptive,0.09,0.9094736842105263,,0.0028823044517257,,0.002484513581046534,,
espana,degree_adaptive,0.1,0.9,,0.0028823044517257,,0.002450711204584491,,
espana,degree_adaptive,0.11,0.8894736842105263,,0.0027319010912908,,0.002360037270821514,,
espana,degree_adaptive,0.12,0.88,,0.0027319010912908,,0.0022808062637406992,,
espana,degree_adaptive,0.13,0.8694736842105263,,0.0027319010912908,,0.002186283776161077,,
espana,degree_adaptive,0.14,0.86,,0.0027319010912908,,0.002120783455271578,,
espana,degree_adaptive,0.15,0.8494736842105263,,0.0025989835593402,,0.0020523873984989996,,
espana,degree_adaptive,0.16,0.84,,0.0025989835593402,,0.001970564397180098,,
espana,degree_adaptive,0.17,0.8294736842105264,,0.0025989835593402,,0.001884848593586296,,
espana,degree_adaptive,0.18,0.82,,0.0025989835593402,,0.0018125901311848527,,
espana,degree_adaptive,0.19,0.8094736842105263,,0.0025641349154348,,0.0017458932410505943,,
espana,degree_adaptive,0.2,0.8,,0.0024599863150138,,0.0016758110186710655,,
espana,degree_adaptive,0.21,0.7894736842105263,,0.0024599863150138,,0.0016300632830700825,,
espana,degree_adaptive,0.22,0.78,,0.0024599863150138,,0.0015678804937941048,,
espana,degree_adaptive,0.23,0.7694736842105263,,0.0022935274483338,,0.00146351241141279,,
espana,degree_adaptive,0.24,0.76,,0.0022935274483338,,0.001419086880275091,,
espana,degree_adaptive,0.25,0.7494736842105263,,0.0021662637949031,,0.0013607145245210874,,
espana,degree_adaptive,0.26,0.74,,0.0017986519319512,,0.0012817032641752393,,
espana,degree_adaptive,0.27,0.7294736842105263,,0.0017986519319512,,0.001244361909758206,,
espana,degree_adaptive,0.28,0.72,,0.0017986519319512,,0.0012017702726480723,,
espana,degree_adaptive,0.29,0.7094736842105264,,0.0014988581726079,,0.0011552910774962166,,
espana,degree_adaptive,0.3,0.7,,0.0,,0.001119778674317552,,
espana,degree_adaptive,0.31,0.6894736842105263,,0.0,,0.0010883140269779413,,
espana,degree_adaptive,0.32,0.68,,0.0,,0.0010582436067094391,,
espana,degree_adaptive,0.33,0.6694736842105263,,0.0,,0.0010049253032554648,,
espana,degree_adaptive,0.34,0.66,,0.0,,0.0009671239410280807,,
espana,degree_adaptive,0.35,0.6494736842105263,,0.0,,0.0009269533114794114,,
espana,degree_adaptive,0.36,0.64,,0.0,,0.0009024733786213292,,
espana,degree_adaptive,0.37,0.6294736842105263,,0.0,,0.0008713681721974511,,
espana,degree_adaptive,0.38,0.62,,0.0,,0.0008310236201523453,,
espana,degree_adaptive,0.39,0.6094736842105263,,0.0,,0.0007806142992435958,,
espana,degree_adaptive,0.4,0.6,,0.0,,0.0007343490294888955,,
espana,degree_adaptive,0.41,0.5894736842105263,,0.0,,0.0006853584885127209,,
espana,degree_adaptive,0.42,0.58,,0.0,,0.0006596816238986954,,
espana,degree_adaptive,0.43,0.5694736842105264,,0.0,,0.0006100307363092292,,
espana,degree_adaptive,0.44,0.56,,0.0,,0.0005741706234650564,,
espana,degree_adaptive,0.45,0.5431578947368421,,0.0,,0.0005190324894393555,,
espana,degree_adaptive,0.46,0.5336842105263158,,0.0,,0.0004896389393694645,,
espana,degree_adaptive,0.47,0.5231578947368422,,0.0,,0.00046207822876104054,,
espana,degree_adaptive,0.48,0.5094736842105263,,0.0,,0.0004386251351834853,,
espana,degree_adaptive,0.49,0.48947368421052634,,0.0,,0.0003919487860199444,,
espana,degree_adaptive,0.5,0.46421052631578946,,0.0,,0.0003524863709297238,,
espana,betweenness_static,0.0,1.0,,0.003268838563848,,0.0031319790183950828,,
espana,betweenness_static,0.01,0.9894736842105263,,0.0029998911586706,,0.002994745402074813,,
espana,betweenness_static,0.02,0.98,,0.0028580860537324,,0.002813715844392574,,
espana,betweenness_static,0.03,0.9694736842105263,,0.0026470184660454,,0.0026510044752732025,,
espana,betweenness_static,0.04,0.96,,0.0026470184660454,,0.0025840575381490226,,
espana,betweenness_static,0.05,0.9494736842105264,,0.0026470184660454,,0.0025196870584299875,,
espana,betweenness_static,0.06,0.94,,0.0026470184660454,,0.002465198504963362,,
espana,betweenness_static,0.07,0.9284210526315789,,0.0026470184660454,,0.0024178604297632805,,
espana,betweenness_static,0.08,0.9189473684210526,,0.0023972510286816,,0.0022751685340011625,,
espana,betweenness_static,0.09,0.9084210526315789,,0.0023972510286816,,0.0022134622064659726,,
espana,betweenness_static,0.1,0.8989473684210526,,0.0023972510286816,,0.0021580206890467776,,
espana,betweenness_static,0.11,0.888421052631579,,0.0023972510286816,,0.002093162998394738,,
espana,betweenness_static,0.12,0.8789473684210526,,0.0023972510286816,,0.00204551012050855,,
espana,betweenness_static,0.13,0.868421052631579,,0.0023972510286816,,0.0019738835145892406,,
espana,betweenness_static,0.14,0.8589473684210527,,0.0023804535091145997,,0.0019177772436269284,,
espana,betweenness_static,0.15,0.848421052631579,,0.0023123594710518,,0.0018623423789477353,,
espana,betweenness_static,0.16,0.8389473684210527,,0.0023123594710518,,0.001810292414425974,,
espana,betweenness_static,0.17,0.828421052631579,,0.0017381426669717,,0.0015975245984722526,,
espana,betweenness_static,0.18,0.8168421052631579,,0.0014928597142404,,0.0014484977197359219,,
espana,betweenness_static,0.19,0.8063157894736842,,0.0014928597142404,,0.0014214557262651752,,
espana,betweenness_static,0.2,0.7968421052631579,,0.0014928597142404,,0.0013860844317931723,,
espana,betweenness_static,0.21,0.7747368421052632,,0.0013904216855621,,0.001303748977171248,,
espana,betweenness_static,0.22,0.7673684210526316,,0.0013904216855621,,0.0012705906818279262,,
espana,betweenness_static,0.23,0.7568421052631579,,0.0013904216855621,,0.0012275617257725326,,
espana,betweenness_static,0.24,0.7473684210526316,,0.0013904216855621,,0.0011855357061184995,,
espana,betweenness_static,0.25,0.7357894736842105,,0.0013904216855621,,0.0011403762356317552,,
espana,betweenness_static,0.26,0.7252631578947368,,0.0013904216855621,,0.00111378308983967,,
espana,betweenness_static,0.27,0.7126315789473684,,0.0013904216855621,,0.0010622205796957278,,
espana,betweenness_static,0.28,0.7031578947368421,,0.0,,0.0010306361594586211,,
espana,betweenness_static,0.29,0.6863157894736842,,0.0,,0.0009786663203429828,,
espana,betweenness_static,0.3,0.6652631578947369,,0.0,,0.0009310900232496259,,
espana,betweenness_static,0.31,0.6557894736842105,,0.0,,0.000902647441890367,,
espana,betweenness_static,0.32,0.6484210526315789,,0.0,,0.0008794748154280163,,
espana,betweenness_static,0.33,0.64,,0.0,,0.0008137603809509358,,
espana,betweenness_static,0.34,0.6305263157894737,,0.0,,0.0007940000455208026,,
espana,betweenness_static,0.35,0.6178947368421053,,0.0,,0.0007629164949406182,,
espana,betweenness_static,0.36,0.6052631578947368,,0.0,,0.0007324157942241513,,
espana,betweenness_static,0.37,0.5947368421052631,,0.0,,0.0006989000423583935,,
espana,betweenness_static,0.38,0.4284210526315789,,0.0,,0.0004798264316468711,,
espana,betweenness_static,0.39,0.37894736842105264,,0.0,,0.0004122168646250155,,
espana,betweenness_static,0.4,0.37684210526315787,,0.0,,0.0004093621017666096,,
espana,betweenness_static,0.41,0.36736842105263157,,0.0,,0.00037651472436840596,,
espana,betweenness_static,0.42,0.36210526315789476,,0.0,,0.0003582685805753837,,
espana,betweenness_static,0.43,0.3568421052631579,,0.0,,0.00034726026845539887,,
espana,betweenness_static,0.44,0.35368421052631577,,0.0,,0.0003291903565806775,,
espana,betweenness_static,0.45,0.3410526315789474,,0.0,,0.00028430309377292857,,
espana,betweenness_static,0.46,0.33263157894736844,,0.0,,0.0002677142682864852,,
espana,betweenness_static,0.47,0.2894736842105263,,0.0,,0.0002260214632623946,,
espana,betweenness_static,0.48,0.20210526315789473,,0.0,,0.00017154120547886015,,
espana,betweenness_static,0.49,0.19789473684210526,,0.0,,0.00016516059954280082,,
espana,betweenness_static,0.5,0.19052631578947368,,0.0,,0.0001605317430507272,,
espana,betweenness_adaptive,0.0,1.0,,0.003268838563848,,0.0031319790183950828,,
espana,betweenness_adaptive,0.01,0.8894736842105263,,0.0025989835593402,,0.0023435471311822297,,
espana,betweenness_adaptive,0.02,0.8789473684210526,,0.0025989835593402,,0.002286829054366292,,
espana,betweenness_adaptive,0.03,0.6368421052631579,,0.0,,0.001445147569851324,,
espana,betweenness_adaptive,0.04,0.6273684210526316,,0.0,,0.0012675393181150944,,
espana,betweenness_adaptive,0.05,0.3894736842105263,,0.0,,0.000896021899725492,,
espana,betweenness_adaptive,0.06,0.2294736842105263,,0.0,,0.0006124662776035248,,
espana,betweenness_adaptive,0.07,0.22526315789473683,,0.0,,0.0005249382342865696,,
espana,betweenness_adaptive,0.08,0.21473684210526317,,0.0,,0.0004595160654752072,,
espana,betweenness_adaptive,0.09,0.1631578947368421,,0.0,,0.0003727781899745129,,
espana,betweenness_adaptive,0.1,0.14105263157894737,,0.0,,0.0003267804404887641,,
espana,betweenness_adaptive,0.11,0.14105263157894737,,0.0,,0.0003011855200467092,,
espana,betweenness_adaptive,0.12,0.1031578947368421,,0.0,,0.000255032959503596,,
espana,betweenness_adaptive,0.13,0.1031578947368421,,0.0,,0.00024112305986601014,,
espana,betweenness_adaptive,0.14,0.1031578947368421,,0.0,,0.00021803108167856784,,
espana,betweenness_adaptive,0.15,0.08210526315789474,,0.0,,0.0002009490978562326,,
espana,betweenness_adaptive,0.16,0.08210526315789474,,0.0,,0.00019054381271917426,,
espana,betweenness_adaptive,0.17,0.08,,0.0,,0.00017514608086840986,,
espana,betweenness_adaptive,0.18,0.07789473684210527,,0.0,,0.00016376898396262574,,
espana,betweenness_adaptive,0.19,0.07684210526315789,,0.0,,0.00015557696680268784,,
espana,betweenness_adaptive,0.2,0.07684210526315789,,0.0,,0.00014167172974755,,
espana,betweenness_adaptive,0.21,0.07473684210526316,,0.0,,0.00013319630724361014,,
espana,betweenness_adaptive,0.22,0.06842105263157895,,0.0,,0.00012396082028157446,,
espana,betweenness_adaptive,0.23,0.06842105263157895,,0.0,,9.714819912178495e-05,,
espana,betweenness_adaptive,0.24,0.06842105263157895,,0.0,,9.10024252584207e-05,,
espana,betweenness_adaptive,0.25,0.06842105263157895,,0.0,,8.240129452125734e-05,,
espana,betweenness_adaptive,0.26,0.06526315789473684,,0.0,,7.504926479576079e-05,,
espana,betweenness_adaptive,0.27,0.05473684210526316,,0.0,,6.405026269681746e-05,,
espana,betweenness_adaptive,0.28,0.049473684210526316,,0.0,,5.058471246235585e-05,,
espana,betweenness_adaptive,0.29,0.0431578947368421,,0.0,,4.480488323339625e-05,,
espana,betweenness_adaptive,0.3,0.03894736842105263,,0.0,,4.27567106911121e-05,,
espana,betweenness_adaptive,0.31,0.037894736842105266,,0.0,,4.27567106911121e-05,,
espana,betweenness_adaptive,0.32,0.03684210526315789,,0.0,,4.02258054992986e-05,,
espana,betweenness_adaptive,0.33,0.034736842105263156,,0.0,,3.66856833389836e-05,,
espana,betweenness_adaptive,0.34,0.034736842105263156,,0.0,,3.66856833389836e-05,,
espana,betweenness_adaptive,0.35,0.02736842105263158,,0.0,,3.309781017689604e-05,,
espana,betweenness_adaptive,0.36,0.02631578947368421,,0.0,,3.184416717930555e-05,,
espana,betweenness_adaptive,0.37,0.02631578947368421,,0.0,,2.9890738420080548e-05,,
espana,betweenness_adaptive,0.38,0.02631578947368421,,0.0,,2.769639763662375e-05,,
espana,betweenness_adaptive,0.39,0.02631578947368421,,0.0,,2.2693094100480647e-05,,
espana,betweenness_adaptive,0.4,0.02526315789473684,,0.0,,2.2693094100480647e-05,,
espana,betweenness_adaptive,0.41,0.018947368421052633,,0.0,,1.5965631046736103e-05,,
espana,betweenness_adaptive,0.42,0.018947368421052633,,0.0,,1.3819397293659e-05,,
espana,betweenness_adaptive,0.43,0.017894736842105262,,0.0,,1.3819397293659e-05,,
espana,betweenness_adaptive,0.44,0.016842105263157894,,0.0,,1.038723043421255e-05,,
espana,betweenness_adaptive,0.45,0.016842105263157894,,0.0,,1.038723043421255e-05,,
espana,betweenness_adaptive,0.46,0.016842105263157894,,0.0,,1.038723043421255e-05,,
espana,betweenness_adaptive,0.47,0.016842105263157894,,0.0,,1.038723043421255e-05,,
espana,betweenness_adaptive,0.48,0.016842105263157894,,0.0,,1.038723043421255e-05,,
espana,betweenness_adaptive,0.49,0.016842105263157894,,0.0,,1.038723043421255e-05,,
espana,betweenness_adaptive,0.5,0.015789473684210527,,0.0,,1.01265150880308e-05,,
espana,random,0.0,1.0,0.0,0.0032688385638480004,4.336808689942018e-19,0.0031319790183950828,0.0032688385638480004,0.0032688385638480004
espana,random,0.01,0.9894526315789475,0.00014736842105262272,,,,,
espana,random,0.02,0.9799368421052636,0.00024998614920078324,,,,,
espana,random,0.03,0.9694000000000003,0.0002685758067825749,,,,,
espana,random,0.04,0.9599157894736841,0.000285571788763152,,,,,
espana,random,0.05,0.9493684210526316,0.0003157894736842248,0.002841818067292198,0.0001635566701636661,0.0026467950715230587,0.0028107637375755943,0.0028766932699349824
espana,random,0.06,0.9398631578947365,0.0004379504013202913,,,,,
espana,random,0.07,0.9293052631578945,0.0005309271668597376,,,,,
espana,random,0.08,0.919778947368421,0.000582191865643166,,,,,
espana,random,0.09,0.9091894736842105,0.0006633249580710925,,,,,
espana,random,0.1,0.8996631578947372,0.0007120646115910752,0.0025790135669486974,0.00015024411030764746,0.00224759242745476,0.0025521713168388128,0.0026073322322310625
espana,random,0.11,0.8890947368421055,0.0007219548715571327,,,,,
espana,random,0.12,0.8795789473684209,0.0007443229275647986,,,,,
espana,random,0.13,0.8689578947368422,0.0008993072125830262,,,,,
espana,random,0.14,0.8593894736842106,0.0009782113815148478,,,,,
espana,random,0.15,0.8480842105263156,0.007857286612348255,0.002396408502664559,0.00012669926327945046,0.0018974217623778421,0.0023727119454116023,0.002421611571117062
espana,random,0.16,0.8385894736842106,0.007751286194763433,,,,,
espana,random,0.17,0.8280210526315791,0.007536106991494865,,,,,
espana,random,0.18,0.8175578947368419,0.01195177753096101,,,,,
espana,random,0.19,0.8070210526315789,0.011657204446712999,,,,,
espana,random,0.2,0.7974210526315788,0.011569733175910885,0.0021591351158842032,0.0002892082806408798,0.0015987367949562303,0.0020992693967827308,0.0022099225926641747
espana,random,0.21,0.7867578947368418,0.011479168172784045,,,,,
espana,random,0.22,0.777221052631579,0.011220795889232265,,,,,
espana,random,0.23,0.7665894736842105,0.0110186143183181,,,,,
espana,random,0.24,0.7569263157894739,0.01091765197529852,,,,,
espana,random,0.25,0.7456315789473684,0.013136719803749185,0.0019094099383436718,0.00039256633658959784,0.001318611955840346,0.0018157330241096682,0.001981538569659111
espana,random,0.26,0.7342526315789472,0.020458143201881693,,,,,
espana,random,0.27,0.7220947368421055,0.022558508722641077,,,,,
espana,random,0.28,0.7123894736842105,0.0225016367517942,,,,,
espana,random,0.29,0.7016736842105264,0.022681753438792418,,,,,
espana,random,0.3,0.6908421052631578,0.031664620626907614,0.0001988224384774415,0.0005017707007064001,0.0010743032438468123,9.932761163874563e-05,0.0003071924574002512
espana,random,0.31,0.6785052631578945,0.03304699247906469,,,,,
espana,random,0.32,0.6682421052631581,0.032771197069083706,,,,,
espana,random,0.33,0.6576947368421052,0.032257171248466734,,,,,
espana,random,0.34,0.6472,0.03226095811166414,,,,,
espana,random,0.35,0.6345473684210527,0.03285977257589608,0.0,0.0,0.0008440266886349925,0.0,0.0
espana,random,0.36,0.6240315789473684,0.032872137078715814,,,,,
espana,random,0.37,0.6116736842105264,0.03318782108159624,,,,,
espana,random,0.38,0.5986736842105262,0.040067704474155426,,,,,
espana,random,0.39,0.5866631578947368,0.03970530083159456,,,,,
espana,random,0.4,0.5751368421052632,0.04506118462835618,0.0,0.0,0.0006586707263099819,0.0,0.0
espana,random,0.41,0.5614105263157896,0.04683849069436713,,,,,
espana,random,0.42,0.5476210526315789,0.051910880375746295,,,,,
espana,random,0.43,0.5324526315789473,0.05678555764264981,,,,,
espana,random,0.44,0.5200736842105262,0.05742146364848798,,,,,
espana,random,0.45,0.5072736842105262,0.056686550310894604,0.0,0.0,0.0004886400296362492,0.0,0.0
espana,random,0.46,0.49509473684210525,0.05729337824858764,,,,,
espana,random,0.47,0.47271578947368426,0.06430858431516355,,,,,
espana,random,0.48,0.4574000000000001,0.06537044746414124,,,,,
espana,random,0.49,0.4385473684210525,0.0689970540139496,,,,,
espana,random,0.5,0.41787368421052634,0.07487607194280753,0.0,0.0,0.00032917612013834885,0.0,0.0
