red,protocolo,p,S_mean,S_std,C_median_mean,C_median_std
cyl,degree_adaptive,0.0,0.9952000000000001,0.005741080037762934,0.0051426741743007395,0.00023156011699039574
cyl,degree_adaptive,0.01,0.9842,0.0063529520697074415,,
cyl,degree_adaptive,0.02,0.9733999999999997,0.006200000000000005,,
cyl,degree_adaptive,0.03,0.963,0.006082762530298225,,
cyl,degree_adaptive,0.04,0.9526,0.006264183905346336,,
cyl,degree_adaptive,0.05,0.9419999999999998,0.00632455532033674,0.004540312308520394,0.00027032786237846866
cyl,degree_adaptive,0.06,0.9296,0.007472616676907732,,
cyl,degree_adaptive,0.07,0.9182000000000002,0.007665507158694728,,
cyl,degree_adaptive,0.08,0.9076,0.007364781055808795,,
cyl,degree_adaptive,0.09,0.8969999999999999,0.007810249675906661,,
cyl,degree_adaptive,0.1,0.8858,0.009184770002564036,0.004058644933119478,0.00027251686251630224
cyl,degree_adaptive,0.11,0.8736000000000002,0.011092339699089647,,
cyl,degree_adaptive,0.12,0.8613999999999998,0.012963024338479054,,
cyl,degree_adaptive,0.13,0.8496000000000001,0.01370547335920945,,
cyl,degree_adaptive,0.14,0.8371999999999999,0.013422369388450013,,
cyl,degree_adaptive,0.15,0.8257999999999999,0.014295453822806722,0.003588535616258052,0.0002545861599956398
cyl,degree_adaptive,0.16,0.813,0.015394804318340621,,
cyl,degree_adaptive,0.17,0.8004000000000001,0.017199999999999993,,
cyl,degree_adaptive,0.18,0.7864,0.017973313550928793,,
cyl,degree_adaptive,0.19,0.7706000000000001,0.018374982993189425,,
cyl,degree_adaptive,0.2,0.7542,0.021079848196796883,0.0027698296129331774,0.0007506604563380738
cyl,degree_adaptive,0.21,0.7394000000000002,0.02203724120664836,,
cyl,degree_adaptive,0.22,0.7238,0.02365502060874182,,
cyl,degree_adaptive,0.23,0.7078000000000002,0.025162670764447864,,
cyl,degree_adaptive,0.24,0.6918,0.026053022857242474,,
cyl,degree_adaptive,0.25,0.6712,0.02868030683238934,0.000262649292714966,0.0007895600160714551
cyl,degree_adaptive,0.26,0.6482000000000001,0.03587143710530706,,
cyl,degree_adaptive,0.27,0.6234,0.052862463052718245,,
cyl,degree_adaptive,0.28,0.596,0.06076183012385324,,
cyl,degree_adaptive,0.29,0.5576,0.06607753022018907,,
cyl,degree_adaptive,0.3,0.5054000000000001,0.08906649201579682,0.0,0.0
cyl,degree_adaptive,0.31,0.4512,0.09659482387788697,,
cyl,degree_adaptive,0.32,0.3986,0.103518307559581,,
cyl,degree_adaptive,0.33,0.3392,0.1004358501731329,,
cyl,degree_adaptive,0.34,0.2796,0.10594262598217963,,
cyl,degree_adaptive,0.35,0.22039999999999998,0.09750815350523258,0.0,0.0
cyl,degree_adaptive,0.36,0.18760000000000002,0.09065450898879768,,
cyl,degree_adaptive,0.37,0.1594,0.07209465999642414,,
cyl,degree_adaptive,0.38,0.12380000000000001,0.05823710157622888,,
cyl,degree_adaptive,0.39,0.1024,0.04479107053866876,,
cyl,degree_adaptive,0.4,0.0852,0.028999310336626973,0.0,0.0
cyl,degree_adaptive,0.41,0.07680000000000001,0.02921917178839948,,
cyl,degree_adaptive,0.42,0.06659999999999999,0.02025931884343598,,
cyl,degree_adaptive,0.43,0.061599999999999995,0.020431348462595412,,
cyl,degree_adaptive,0.44,0.0556,0.018238420984284798,,
cyl,degree_adaptive,0.45,0.04939999999999999,0.013915459029439164,0.0,0.0
cyl,degree_adaptive,0.46,0.042800000000000005,0.01233531515608742,,
cyl,degree_adaptive,0.47,0.038400000000000004,0.010836973747315255,,
cyl,degree_adaptive,0.48,0.035800000000000005,0.010970870521521982,,
cyl,degree_adaptive,0.49,0.031200000000000002,0.009086253353280439,,
cyl,degree_adaptive,0.5,0.0282,0.008874683092933516,0.0,0.0
cyl,betweenness_adaptive,0.0,0.9952000000000001,0.005741080037762934,0.0051426741743007395,0.00023156011699039574
cyl,betweenness_adaptive,0.01,0.9842,0.006660330322138691,,
cyl,betweenness_adaptive,0.02,0.9725999999999999,0.007158212067269318,,
cyl,betweenness_adaptive,0.03,0.9603999999999998,0.00958331884056875,,
cyl,betweenness_adaptive,0.04,0.9486,0.01039422916814902,,
cyl,betweenness_adaptive,0.05,0.9372,0.010777754868245951,0.004582212422455965,0.0002841746391971596
cyl,betweenness_adaptive,0.06,0.9255999999999999,0.01202663710269831,,
cyl,betweenness_adaptive,0.07,0.9142,0.012820296408429887,,
cyl,betweenness_adaptive,0.08,0.9016,0.016044936896105276,,
cyl,betweenness_adaptive,0.09,0.8896000000000001,0.01611955334368792,,
cyl,betweenness_adaptive,0.1,0.8774,0.01874139802682821,0.0040606051459660284,0.000285078996484145
cyl,betweenness_adaptive,0.11,0.8662000000000002,0.018535371590556265,,
cyl,betweenness_adaptive,0.12,0.8545999999999999,0.019100785324169263,,
cyl,betweenness_adaptive,0.13,0.8426,0.01947408534437496,,
cyl,betweenness_adaptive,0.14,0.8290000000000001,0.021748563170931528,,
cyl,betweenness_adaptive,0.15,0.8076000000000002,0.028952374686716093,0.003500013480340696,0.00032021964616172846
cyl,betweenness_adaptive,0.16,0.7902,0.03120833222073874,,
cyl,betweenness_adaptive,0.17,0.7686,0.03893635832997227,,
cyl,betweenness_adaptive,0.18,0.7492000000000002,0.04093116172306867,,
cyl,betweenness_adaptive,0.19,0.7298,0.04287143571190497,,
cyl,betweenness_adaptive,0.2,0.7073999999999999,0.05106113982276542,0.0017813206230196058,0.0014691367283574512
cyl,betweenness_adaptive,0.21,0.6897999999999999,0.05508139431786381,,
cyl,betweenness_adaptive,0.22,0.6676000000000001,0.0611084282239365,,
cyl,betweenness_adaptive,0.23,0.6448,0.0635055903051062,,
cyl,betweenness_adaptive,0.24,0.6116,0.07341280542248742,,
cyl,betweenness_adaptive,0.25,0.586,0.07581556568409946,8.049873179478501e-05,0.000414922954005795
cyl,betweenness_adaptive,0.26,0.5362,0.08955199606932278,,
cyl,betweenness_adaptive,0.27,0.4966,0.08950106144621973,,
cyl,betweenness_adaptive,0.28,0.43940000000000007,0.10651591430391985,,
cyl,betweenness_adaptive,0.29,0.38520000000000004,0.09808649244416888,,
cyl,betweenness_adaptive,0.3,0.314,0.1036725614615555,0.0,0.0
cyl,betweenness_adaptive,0.31,0.265,0.10004498987955368,,
cyl,betweenness_adaptive,0.32,0.22019999999999995,0.08348628629900842,,
cyl,betweenness_adaptive,0.33,0.1796,0.07036931149300808,,
cyl,betweenness_adaptive,0.34,0.148,0.05488169093604897,,
cyl,betweenness_adaptive,0.35,0.12040000000000001,0.032555183919001286,0.0,0.0
cyl,betweenness_adaptive,0.36,0.1016,0.026560120481654445,,
cyl,betweenness_adaptive,0.37,0.0868,0.02222071105972984,,
cyl,betweenness_adaptive,0.38,0.07479999999999999,0.016029971927611103,,
cyl,betweenness_adaptive,0.39,0.065,0.011357816691600547,,
cyl,betweenness_adaptive,0.4,0.05819999999999999,0.010897706180660221,0.0,0.0
cyl,betweenness_adaptive,0.41,0.05239999999999998,0.008616263691415207,,
cyl,betweenness_adaptive,0.42,0.047799999999999995,0.00782048591840686,,
cyl,betweenness_adaptive,0.43,0.043,0.0060827625302982205,,
cyl,betweenness_adaptive,0.44,0.0398,0.005827520913733388,,
cyl,betweenness_adaptive,0.45,0.0376,0.006183849933496124,0.0,0.0
cyl,betweenness_adaptive,0.46,0.034800000000000005,0.0060794736614282665,,
cyl,betweenness_adaptive,0.47,0.032,0.0048989794855663574,,
cyl,betweenness_adaptive,0.48,0.0304,0.0034409301068170513,,
cyl,betweenness_adaptive,0.49,0.028999999999999998,0.00412310562561766,,
cyl,betweenness_adaptive,0.5,0.025800000000000003,0.004935585071701226,0.0,0.0
espana,degree_adaptive,0.0,0.9999789473684211,0.00014736842105263825,0.00801691275398396,8.923958102487297e-05
espana,degree_adaptive,0.01,0.9894526315789475,0.00014736842105262272,,
espana,degree_adaptive,0.02,0.9799789473684212,0.00014736842105262272,,
espana,degree_adaptive,0.03,0.9694526315789475,0.00014736842105262272,,
espana,degree_adaptive,0.04,0.9599789473684212,0.00014736842105262272,,
espana,degree_adaptive,0.05,0.9494526315789474,0.00014736842105263825,0.007589594484416668,9.968238109477406e-05
espana,degree_adaptive,0.06,0.9399789473684208,0.00014736842105262272,,
espana,degree_adaptive,0.07,0.9294526315789474,0.00014736842105263825,,
espana,degree_adaptive,0.08,0.9199578947368423,0.00020627282044490854,,
espana,degree_adaptive,0.09,0.9094315789473684,0.00020627282044490854,,
espana,degree_adaptive,0.1,0.8999578947368421,0.00020627282044490854,0.007118134458143376,0.00011741279361012057
espana,degree_adaptive,0.11,0.8894315789473686,0.00020627282044488683,,
espana,degree_adaptive,0.12,0.8799368421052632,0.0002499861492008096,,
espana,degree_adaptive,0.13,0.8693684210526317,0.0003795317132067246,,
espana,degree_adaptive,0.14,0.8598736842105263,0.0004016586111229112,,
espana,degree_adaptive,0.15,0.8493473684210526,0.0004016586111229112,0.006551311077446323,0.00017281548332213683
espana,degree_adaptive,0.16,0.8398526315789474,0.0004215786188315804,,
espana,degree_adaptive,0.17,0.829284210526316,0.0004559243753201831,,
espana,degree_adaptive,0.18,0.8197894736842105,0.0004707511531578311,,
espana,degree_adaptive,0.19,0.8091789473684209,0.000517398135892416,,
espana,degree_adaptive,0.2,0.7997052631578946,0.0005173981358924238,0.005793885294487096,0.00022532074881691377
espana,degree_adaptive,0.21,0.7891368421052632,0.0005342558964399966,,
espana,degree_adaptive,0.22,0.7796421052631579,0.0005412614792498044,,
espana,degree_adaptive,0.23,0.769094736842105,0.0005473684210526494,,
espana,degree_adaptive,0.24,0.7595578947368421,0.0005987984275085576,,
espana,degree_adaptive,0.25,0.7489473684210527,0.0006402907926629484,0.00472940693450178,0.0004167240658054755
espana,degree_adaptive,0.26,0.7393894736842107,0.0007010874023303694,,
espana,degree_adaptive,0.27,0.7288210526315789,0.000725934301034369,,
espana,degree_adaptive,0.28,0.7191157894736844,0.000851526249101317,,
espana,degree_adaptive,0.29,0.7084421052631578,0.0008804431017400917,,
espana,degree_adaptive,0.3,0.6988421052631578,0.0010786263964167836,0.0014291890344736683,0.0016558254222528896
espana,degree_adaptive,0.31,0.6881894736842105,0.0011586600341740646,,
espana,degree_adaptive,0.32,0.6785473684210526,0.0011888680339785852,,
espana,degree_adaptive,0.33,0.6678526315789475,0.0011948179893610717,,
espana,degree_adaptive,0.34,0.6580631578947369,0.0013539313844895715,,
espana,degree_adaptive,0.35,0.6472421052631578,0.00146826069677159,0.0,0.0
espana,degree_adaptive,0.36,0.6375157894736843,0.0015999999999999942,,
espana,degree_adaptive,0.37,0.6265052631578947,0.0017192409585873195,,
espana,degree_adaptive,0.38,0.6165052631578947,0.0017669166533353427,,
espana,degree_adaptive,0.39,0.6054947368421053,0.0018023069242799699,,
espana,degree_adaptive,0.4,0.5952631578947368,0.002149534511227594,0.0,0.0
espana,degree_adaptive,0.41,0.5839578947368422,0.0022236203665702494,,
espana,degree_adaptive,0.42,0.5736842105263158,0.0023157894736842177,,
espana,degree_adaptive,0.43,0.5621052631578948,0.002473124236730677,,
espana,degree_adaptive,0.44,0.5514526315789473,0.002433742487009425,,
espana,degree_adaptive,0.45,0.5390315789473684,0.0029159224746409733,0.0,0.0
espana,degree_adaptive,0.46,0.5278947368421053,0.0034609015205839216,,
espana,degree_adaptive,0.47,0.5150736842105264,0.003844282007751856,,
espana,degree_adaptive,0.48,0.5029894736842105,0.004122017094912138,,
espana,degree_adaptive,0.49,0.4887157894736842,0.0042474173348778085,,
espana,degree_adaptive,0.5,0.4745263157894737,0.00472161294568543,0.0,0.0
espana,betweenness_adaptive,0.0,0.9999789473684211,0.00014736842105263825,0.00801691275398396,8.923958102487297e-05
espana,betweenness_adaptive,0.01,0.9894526315789475,0.00014736842105262272,,
espana,betweenness_adaptive,0.02,0.9799789473684212,0.00014736842105262272,,
espana,betweenness_adaptive,0.03,0.9694315789473684,0.00020627282044488677,,
espana,betweenness_adaptive,0.04,0.9599368421052631,0.00024998614920078324,,
espana,betweenness_adaptive,0.05,0.9494105263157894,0.0002499861492008096,0.007581024862294907,0.00010335083465229039
espana,betweenness_adaptive,0.06,0.9398947368421051,0.00031578947368419156,,
espana,betweenness_adaptive,0.07,0.9293473684210527,0.0003420647749320559,,
espana,betweenness_adaptive,0.08,0.9198315789473684,0.00038590111115419345,,
espana,betweenness_adaptive,0.09,0.9093052631578948,0.00038590111115419345,,
espana,betweenness_adaptive,0.1,0.8998315789473685,0.00038590111115419345,0.00711096337380872,0.00012124237536072354
espana,betweenness_adaptive,0.11,0.889242105263158,0.0004842105263157689,,
espana,betweenness_adaptive,0.12,0.8797052631578949,0.000517398135892416,,
espana,betweenness_adaptive,0.13,0.8691157894736843,0.0005807627041740299,,
espana,betweenness_adaptive,0.14,0.859642105263158,0.0005807627041740299,,
espana,betweenness_adaptive,0.15,0.8490526315789475,0.0007292845505552966,0.0065575040199385955,0.00016927795710546158
espana,betweenness_adaptive,0.16,0.8394947368421054,0.000794440516383696,,
espana,betweenness_adaptive,0.17,0.8288842105263159,0.0007922057988306299,,
espana,betweenness_adaptive,0.18,0.8193263157894737,0.0008357656101591075,,
espana,betweenness_adaptive,0.19,0.8087578947368419,0.0008272371665005732,,
espana,betweenness_adaptive,0.2,0.799178947368421,0.0008753946478438926,0.005795717682983812,0.00021391112445184245
espana,betweenness_adaptive,0.21,0.7885263157894736,0.0009704783639255723,,
espana,betweenness_adaptive,0.22,0.7789894736842107,0.0010305042737280398,,
espana,betweenness_adaptive,0.23,0.768357894736842,0.0011417049989857918,,
espana,betweenness_adaptive,0.24,0.7587999999999998,0.0011723499614590199,,
espana,betweenness_adaptive,0.25,0.7482315789473685,0.0011662853881654253,0.004696846348991125,0.00043399580747323233
espana,betweenness_adaptive,0.26,0.7386526315789474,0.0012101143463747377,,
espana,betweenness_adaptive,0.27,0.7280210526315788,0.0011888680339785505,,
espana,betweenness_adaptive,0.28,0.718378947368421,0.0013514740080592773,,
espana,betweenness_adaptive,0.29,0.7077052631578948,0.0015099301959613667,,
espana,betweenness_adaptive,0.3,0.6981052631578948,0.0015470461533367388,0.001264739219465974,0.0016660952792619704
espana,betweenness_adaptive,0.31,0.6873894736842106,0.0016774865778409664,,
espana,betweenness_adaptive,0.32,0.6777052631578948,0.0017700493756513682,,
espana,betweenness_adaptive,0.33,0.6670105263157893,0.001806237269793819,,
espana,betweenness_adaptive,0.34,0.6572842105263157,0.0018243049752328486,,
espana,betweenness_adaptive,0.35,0.6466315789473684,0.0018859445123335546,0.0,0.0
espana,betweenness_adaptive,0.36,0.6368421052631579,0.0022674378135303206,,
espana,betweenness_adaptive,0.37,0.6260631578947369,0.00230196832553039,,
espana,betweenness_adaptive,0.38,0.6162315789473684,0.002391953269445967,,
espana,betweenness_adaptive,0.39,0.6049052631578946,0.002805692669794886,,
espana,betweenness_adaptive,0.4,0.5948631578947368,0.003069932822494009,0.0,0.0
espana,betweenness_adaptive,0.41,0.5839157894736843,0.00318611947998191,,
espana,betweenness_adaptive,0.42,0.5733684210526315,0.004158893950555451,,
espana,betweenness_adaptive,0.43,0.561557894736842,0.004703932462250957,,
espana,betweenness_adaptive,0.44,0.5507368421052632,0.005165408061635915,,
espana,betweenness_adaptive,0.45,0.5380631578947369,0.0065207446509830585,0.0,0.0
espana,betweenness_adaptive,0.46,0.5269473684210527,0.007930445558668368,,
espana,betweenness_adaptive,0.47,0.5143578947368421,0.008594941500125627,,
espana,betweenness_adaptive,0.48,0.5005894736842107,0.011483163636011316,,
espana,betweenness_adaptive,0.49,0.4859578947368421,0.013096039874244876,,
espana,betweenness_adaptive,0.5,0.4707157894736842,0.015982941044505327,0.0,0.0
adif,degree_adaptive,0.0,0.9091958762886597,0.012274259881051503,0.01111859433467468,0.00125406077848209
adif,degree_adaptive,0.01,0.8879587628865981,0.013238397985008627,,
adif,degree_adaptive,0.02,0.8688659793814434,0.013800577757263097,,
adif,degree_adaptive,0.03,0.8455670103092783,0.014487379109765915,,
adif,degree_adaptive,0.04,0.8261855670103092,0.01646517950866386,,
adif,degree_adaptive,0.05,0.8017319587628866,0.018817683662127684,0.0015253510192168856,0.0011561997958563096
adif,degree_adaptive,0.06,0.7756701030927835,0.021228103383478355,,
adif,degree_adaptive,0.07,0.7455670103092784,0.021617059665288506,,
adif,degree_adaptive,0.08,0.7128247422680413,0.023530606585356943,,
adif,degree_adaptive,0.09,0.6768659793814432,0.022616742871948373,,
adif,degree_adaptive,0.1,0.6341030927835052,0.02525654531191016,0.0,0.0
adif,degree_adaptive,0.11,0.5905979381443299,0.03631479845872009,,
adif,degree_adaptive,0.12,0.5103917525773195,0.05580009260553107,,
adif,degree_adaptive,0.13,0.3950927835051546,0.08945782298793123,,
adif,degree_adaptive,0.14,0.2574432989690722,0.08260917825019373,,
adif,degree_adaptive,0.15,0.17942268041237114,0.07126328013910462,0.0,0.0
adif,degree_adaptive,0.16,0.11884536082474226,0.04700263999658905,,
adif,degree_adaptive,0.17,0.09406185567010308,0.0374211524495656,,
adif,degree_adaptive,0.18,0.07084536082474226,0.027334203442969062,,
adif,degree_adaptive,0.19,0.05315463917525773,0.018722239874427758,,
adif,degree_adaptive,0.2,0.03769072164948453,0.012128479320513435,0.0,0.0
adif,degree_adaptive,0.21,0.02849484536082474,0.00665810198420668,,
adif,degree_adaptive,0.22,0.021938144329896905,0.0042005217577721545,,
adif,degree_adaptive,0.23,0.018474226804123712,0.0034491585428992138,,
adif,degree_adaptive,0.24,0.017154639175257735,0.0032323163616107915,,
adif,degree_adaptive,0.25,0.01554639175257732,0.002863233869994219,0.0,0.0
adif,degree_adaptive,0.26,0.01463917525773196,0.0028644214411236713,,
adif,degree_adaptive,0.27,0.013484536082474227,0.0024119305263323315,,
adif,degree_adaptive,0.28,0.012288659793814431,0.0020602055252448327,,
adif,degree_adaptive,0.29,0.011051546391752575,0.0019673171862889176,,
adif,degree_adaptive,0.3,0.010020618556701031,0.0017007497424578375,0.0,0.0
adif,degree_adaptive,0.31,0.009484536082474227,0.0013676803259197524,,
adif,degree_adaptive,0.32,0.00841237113402062,0.001641216391103703,,
adif,degree_adaptive,0.33,0.006721649484536082,0.0012915843103806868,,
adif,degree_adaptive,0.34,0.005484536082474226,0.0012100124330821616,,
adif,degree_adaptive,0.35,0.004288659793814434,0.000808079090402698,0.0,0.0
adif,degree_adaptive,0.36,0.004164948453608248,0.000288659793814433,,
adif,degree_adaptive,0.37,0.004123711340206186,0.0,,
adif,degree_adaptive,0.38,0.004123711340206186,0.0,,
adif,degree_adaptive,0.39,0.004123711340206186,0.0,,
adif,degree_adaptive,0.4,0.004123711340206186,0.0,0.0,0.0
adif,degree_adaptive,0.41,0.004123711340206186,0.0,,
adif,degree_adaptive,0.42,0.004123711340206186,0.0,,
adif,degree_adaptive,0.43,0.004123711340206186,0.0,,
adif,degree_adaptive,0.44,0.004123711340206186,0.0,,
adif,degree_adaptive,0.45,0.003917525773195877,0.0006185567010309279,0.0,0.0
adif,degree_adaptive,0.46,0.003381443298969072,0.0009896907216494846,,
adif,degree_adaptive,0.47,0.002515463917525773,0.0008541160897817723,,
adif,degree_adaptive,0.48,0.002103092783505155,0.000288659793814433,,
adif,degree_adaptive,0.49,0.002061855670103093,0.0,,
adif,degree_adaptive,0.5,0.002061855670103093,0.0,0.0,0.0
adif,betweenness_adaptive,0.0,0.9091958762886597,0.012274259881051503,0.01111859433467468,0.00125406077848209
adif,betweenness_adaptive,0.01,0.8914639175257733,0.014723208788597281,,
adif,betweenness_adaptive,0.02,0.8724948453608248,0.01807559614806609,,
adif,betweenness_adaptive,0.03,0.8528659793814433,0.019976647010010666,,
adif,betweenness_adaptive,0.04,0.8338969072164947,0.02520245582002252,,
adif,betweenness_adaptive,0.05,0.808659793814433,0.030204602189245332,0.0021944007729930303,0.0016118317473233308
adif,betweenness_adaptive,0.06,0.7709690721649483,0.03880638051217524,,
adif,betweenness_adaptive,0.07,0.7291134020618556,0.059863294150995124,,
adif,betweenness_adaptive,0.08,0.6487422680412371,0.0799476499989523,,
adif,betweenness_adaptive,0.09,0.5364948453608248,0.1060611822780887,,
adif,betweenness_adaptive,0.1,0.38032989690721647,0.11266882727816986,0.0,0.0
adif,betweenness_adaptive,0.11,0.21678350515463915,0.08332653417545756,,
adif,betweenness_adaptive,0.12,0.10956701030927835,0.037623097990348,,
adif,betweenness_adaptive,0.13,0.06602061855670104,0.014628949528615045,,
adif,betweenness_adaptive,0.14,0.04461855670103093,0.007055765302098668,,
adif,betweenness_adaptive,0.15,0.03348453608247423,0.004276747929885087,0.0,0.0
adif,betweenness_adaptive,0.16,0.026721649484536078,0.0035463917525773206,,
adif,betweenness_adaptive,0.17,0.023216494845360824,0.0023257878189201766,,
adif,betweenness_adaptive,0.18,0.01929896907216495,0.0017378397942849877,,
adif,betweenness_adaptive,0.19,0.016989690721649485,0.0015185115578987187,,
adif,betweenness_adaptive,0.2,0.01496907216494845,0.0012239853261571817,0.0,0.0
adif,betweenness_adaptive,0.21,0.01315463917525773,0.0011583152086753112,,
adif,betweenness_adaptive,0.22,0.011752577319587627,0.001254177841298602,,
adif,betweenness_adaptive,0.23,0.010432989690721648,0.0004896635912180584,,
adif,betweenness_adaptive,0.24,0.009938144329896908,0.0008930477454724829,,
adif,betweenness_adaptive,0.25,0.009113402061855671,0.001017646406536335,0.0,0.0
adif,betweenness_adaptive,0.26,0.008371134020618558,0.0004896635912180584,,
adif,betweenness_adaptive,0.27,0.008164948453608246,0.0005773195876288661,,
adif,betweenness_adaptive,0.28,0.00734020618556701,0.001103429951361621,,
adif,betweenness_adaptive,0.29,0.006432989690721649,0.0006700237859493577,,
adif,betweenness_adaptive,0.3,0.0062268041237113405,0.0002886597938144331,0.0,0.0
adif,betweenness_adaptive,0.31,0.0062268041237113405,0.0002886597938144331,,
adif,betweenness_adaptive,0.32,0.0062268041237113405,0.0002886597938144331,,
adif,betweenness_adaptive,0.33,0.006185567010309277,0.0004123711340206185,,
adif,betweenness_adaptive,0.34,0.005773195876288659,0.0009220898876287791,,
adif,betweenness_adaptive,0.35,0.0048247422680412376,0.000976719116068207,0.0,0.0
adif,betweenness_adaptive,0.36,0.004329896907216495,0.0006185567010309278,,
adif,betweenness_adaptive,0.37,0.004288659793814434,0.0005593674212886817,,
adif,betweenness_adaptive,0.38,0.004288659793814434,0.0005593674212886817,,
adif,betweenness_adaptive,0.39,0.004288659793814434,0.0005593674212886817,,
adif,betweenness_adaptive,0.4,0.004247422680412371,0.0004896635912180584,0.0,0.0
adif,betweenness_adaptive,0.41,0.004247422680412371,0.0004896635912180584,,
adif,betweenness_adaptive,0.42,0.004247422680412371,0.0004896635912180584,,
adif,betweenness_adaptive,0.43,0.00420618556701031,0.0004040395452013489,,
adif,betweenness_adaptive,0.44,0.00420618556701031,0.0004040395452013489,,
adif,betweenness_adaptive,0.45,0.004164948453608247,0.00028865979381443294,0.0,0.0
adif,betweenness_adaptive,0.46,0.004164948453608247,0.00028865979381443294,,
adif,betweenness_adaptive,0.47,0.004164948453608247,0.00028865979381443294,,
adif,betweenness_adaptive,0.48,0.004164948453608247,0.00028865979381443294,,
adif,betweenness_adaptive,0.49,0.004164948453608247,0.00028865979381443294,,
adif,betweenness_adaptive,0.5,0.004164948453608247,0.00028865979381443294,0.0,0.0
